nitrogen,phosphorus,potassium,temperature_c,humidity_percent,ph,rainfall_mm,label
105.73,45.73,58.27,24.44,78.45,6.11,241.03,rice
84.92,47.41,57.09,28.61,86.0,6.36,300.52,rice
120.92,39.11,55.67,32.66,82.59,5.91,229.03,rice
71.63,64.33,55.06,29.82,85.43,6.3,283.53,rice
98.32,54.83,50.8,27.53,83.53,5.55,236.25,rice
64.43,64.36,54.57,21.1,86.74,6.56,263.2,rice
71.11,42.62,73.66,29.06,74.59,6.09,206.75,rice
87.02,58.22,65.69,30.93,77.96,6.35,225.7,rice
95.51,49.64,66.56,27.44,85.4,5.98,230.64,rice
60.91,53.8,72.09,25.41,85.59,7.1,244.8,rice
84.03,54.67,58.24,23.27,85.84,6.17,223.23,rice
77.77,56.39,62.26,27.62,83.19,6.63,307.63,rice
73.86,28.61,69.94,28.95,79.76,6.25,242.2,rice
105.66,55.7,72.41,27.79,76.7,6.26,280.01,rice
87.37,44.29,44.22,28.11,77.78,6.21,264.87,rice
102.83,48.95,67.95,25.66,90.77,6.01,190.51,rice
117.75,54.45,66.9,29.0,79.35,6.14,260.01,rice
75.98,48.94,33.61,26.05,85.81,6.39,212.28,rice
54.33,46.38,55.81,21.54,87.44,6.39,222.75,rice
85.01,58.78,69.65,27.06,83.84,5.58,205.34,rice
93.71,59.44,61.85,29.08,92.27,5.92,194.12,rice
76.12,50.13,56.03,30.37,81.94,6.34,190.21,rice
68.41,50.33,59.85,25.94,76.18,6.3,235.27,rice
69.92,51.3,68.34,25.91,83.33,6.43,282.84,rice
82.38,52.19,75.39,22.23,76.88,5.78,228.59,rice
67.82,41.91,49.03,31.47,82.3,6.14,272.65,rice
101.66,52.99,51.61,31.19,80.23,6.56,239.07,rice
90.68,45.31,64.42,21.67,84.8,6.72,249.54,rice
101.29,49.18,60.81,31.2,77.81,6.85,206.89,rice
81.67,58.27,51.32,25.08,66.52,6.24,234.68,rice
58.48,46.66,67.18,27.71,86.03,6.17,223.84,rice
95.46,48.36,48.21,26.77,88.63,5.96,266.81,rice
97.91,53.67,60.41,26.04,83.06,6.34,279.52,rice
78.11,38.63,54.52,28.71,81.11,6.21,119.11,rice
83.77,50.69,53.62,29.94,86.39,6.17,210.86,rice
83.5,59.84,61.33,30.75,78.13,6.69,161.05,rice
66.66,54.59,55.05,32.87,73.1,5.99,259.41,rice
94.5,46.98,53.52,27.95,75.68,5.67,213.41,rice
76.75,45.51,46.42,26.92,84.22,6.48,188.91,rice
81.66,52.99,59.32,30.76,83.62,6.17,179.45,rice
66.79,55.95,61.49,27.61,91.33,5.98,225.82,rice
85.91,50.43,65.58,25.76,86.23,6.05,214.6,rice
96.08,61.75,47.62,26.7,85.02,6.3,262.89,rice
91.68,54.03,61.2,25.22,80.75,6.54,260.19,rice
84.41,54.95,63.31,25.54,94.69,6.19,230.07,rice
95.71,49.51,68.39,29.51,81.36,5.88,190.94,rice
73.53,54.59,60.02,31.15,80.48,6.31,259.39,rice
95.64,59.8,63.49,29.87,79.95,5.88,257.93,rice
85.21,43.4,72.34,28.05,81.16,6.62,284.05,rice
77.51,47.37,68.16,25.52,75.3,6.42,213.3,rice
96.22,52.96,48.54,25.18,76.46,6.93,245.57,rice
79.23,60.49,47.58,26.34,76.69,6.08,219.83,rice
79.62,52.83,60.94,36.48,89.18,6.0,218.18,rice
96.08,52.39,46.09,25.78,70.17,6.19,250.88,rice
87.74,38.29,44.6,31.71,84.07,6.31,235.58,rice
79.72,40.02,56.37,23.35,82.84,5.65,258.78,rice
111.95,50.64,66.99,29.91,80.62,5.99,178.32,rice
99.31,49.36,57.67,32.7,81.72,5.61,182.98,rice
105.46,56.28,57.04,31.11,83.16,6.05,255.58,rice
98.44,59.32,60.78,28.42,85.09,6.36,186.13,rice
98.49,63.84,77.1,34.75,89.25,6.2,245.36,rice
88.57,52.12,46.0,24.14,83.99,6.24,246.33,rice
102.29,44.47,48.06,28.02,75.72,6.09,242.49,rice
93.52,35.98,64.51,29.9,83.41,6.34,274.34,rice
93.77,46.81,66.51,25.99,82.99,6.49,252.73,rice
78.47,47.28,51.37,30.21,92.02,6.84,170.23,rice
74.78,58.87,51.51,24.08,72.04,6.53,219.81,rice
84.29,52.02,43.99,27.9,87.47,6.15,293.06,rice
99.1,57.16,80.81,32.81,83.58,6.34,198.36,rice
113.5,44.21,64.22,27.77,87.47,6.52,226.44,rice
73.3,57.99,63.72,31.31,77.69,5.81,243.34,rice
117.25,40.91,51.58,20.06,72.98,6.28,160.53,rice
107.6,52.05,65.07,30.03,72.69,6.14,271.41,rice
96.8,60.41,52.43,30.62,85.91,5.86,229.11,rice
103.6,46.33,65.84,29.64,81.16,6.16,217.55,rice
106.02,56.33,63.86,31.43,79.21,6.07,284.35,rice
76.81,68.56,62.74,25.14,83.64,6.43,308.85,rice
95.65,58.68,68.06,31.1,78.28,6.3,230.27,rice
101.73,50.68,47.14,23.86,81.72,6.6,201.51,rice
102.47,38.8,54.34,23.78,80.07,6.55,284.83,rice
75.86,56.75,45.9,26.81,85.95,6.65,247.03,rice
80.06,55.51,68.63,25.29,77.57,6.57,212.94,rice
74.55,56.21,48.14,27.74,72.62,5.64,195.61,rice
73.37,56.76,46.14,25.76,85.58,5.82,270.47,rice
98.69,56.32,42.7,26.26,82.27,6.62,210.95,rice
89.47,45.79,46.4,21.97,85.01,6.75,243.61,rice
96.84,46.02,48.2,26.79,84.94,5.66,257.96,rice
74.02,53.2,38.69,24.82,76.14,5.57,223.8,rice
107.82,61.69,66.37,26.52,86.28,6.46,269.01,rice
77.98,53.96,68.03,27.73,80.33,6.69,278.59,rice
100.08,50.6,47.39,22.44,90.29,6.26,152.54,rice
105.51,42.41,46.63,28.21,72.06,6.16,222.32,rice
95.93,45.63,65.66,31.27,80.97,6.58,205.56,rice
85.1,46.52,52.56,28.13,81.23,6.53,242.86,rice
95.07,52.23,53.39,24.24,82.32,5.77,212.38,rice
84.18,52.83,32.76,29.92,84.32,6.24,229.4,rice
106.65,58.75,64.8,21.93,85.91,5.87,221.5,rice
69.8,46.12,67.62,27.63,70.09,6.59,253.99,rice
93.78,45.93,46.18,34.05,84.48,5.84,259.47,rice
107.43,55.16,56.06,20.12,76.98,6.54,255.01,rice
87.43,39.09,59.95,30.32,80.97,6.35,234.94,rice
94.79,64.85,60.12,25.32,85.2,5.91,275.62,rice
92.65,51.77,53.36,23.73,72.38,6.65,174.22,rice
106.0,42.85,56.21,29.8,92.68,6.04,201.57,rice
105.6,60.14,57.02,24.82,68.26,6.36,232.02,rice
113.04,43.84,62.99,21.11,82.19,6.49,181.92,rice
71.08,60.34,43.61,24.17,77.17,6.24,223.65,rice
115.94,52.91,67.6,27.24,84.93,5.75,173.83,rice
64.76,61.81,56.89,31.67,69.7,6.47,192.88,rice
99.29,47.32,50.44,22.33,85.36,6.62,206.65,rice
91.25,53.58,36.32,31.28,78.93,6.15,209.93,rice
93.89,55.06,51.2,25.75,77.25,5.89,274.48,rice
73.15,43.4,68.04,25.81,79.06,6.41,255.43,rice
89.9,50.37,49.69,22.91,90.08,6.01,213.82,rice
96.36,47.15,56.57,23.74,89.07,6.71,185.08,rice
109.57,61.76,58.45,22.78,85.51,6.27,261.61,rice
91.61,67.22,62.34,26.64,77.27,6.29,230.54,rice
76.01,51.47,50.0,26.56,78.39,6.99,247.89,rice
92.8,60.83,63.81,28.17,87.21,5.55,150.35,rice
76.92,62.56,67.69,26.61,80.42,6.02,250.67,rice
87.54,48.72,65.59,28.08,92.76,6.09,218.77,rice
92.49,53.48,54.05,30.95,86.38,6.51,260.85,rice
94.2,40.22,64.12,28.21,92.98,5.85,226.73,rice
83.64,36.84,53.63,26.5,88.29,6.46,206.47,rice
88.04,46.93,56.15,31.83,83.21,5.94,217.39,rice
94.69,53.98,50.45,32.81,80.46,6.78,255.03,rice
111.82,59.64,54.01,30.16,77.7,5.86,232.73,rice
106.57,54.46,42.5,23.13,89.29,6.75,271.98,rice
78.73,54.47,76.98,23.55,80.43,6.4,204.99,rice
81.38,65.34,51.55,31.39,90.59,6.5,214.47,rice
97.92,61.02,41.76,26.8,81.55,6.36,249.07,rice
81.22,59.71,56.12,33.03,69.86,6.17,225.68,rice
96.73,76.63,53.59,26.17,85.82,5.88,242.37,rice
76.48,59.8,62.99,26.83,79.08,6.27,161.57,rice
112.27,54.61,54.0,30.64,80.73,6.88,294.36,rice
89.1,48.83,48.35,29.91,70.98,6.11,267.11,rice
100.97,74.4,47.81,25.51,85.1,6.05,263.97,rice
97.25,55.06,44.4,31.32,81.96,6.51,196.98,rice
96.85,55.74,41.57,24.52,83.95,6.19,242.8,rice
107.78,54.24,49.31,31.36,83.76,6.44,296.71,rice
91.52,53.13,59.65,25.95,75.89,6.58,182.88,rice
96.06,62.05,44.68,29.2,85.81,6.05,224.99,rice
88.55,50.97,71.21,26.89,86.91,6.79,236.78,rice
100.39,47.91,47.47,29.43,83.93,5.94,189.45,rice
99.73,56.75,47.35,25.02,96.05,5.97,209.22,rice
79.39,62.36,76.47,29.58,80.94,6.34,258.9,rice
85.47,68.34,73.19,29.21,71.96,6.02,292.74,rice
84.17,55.42,63.48,25.8,87.92,6.08,215.88,rice
104.06,55.68,53.82,26.77,87.37,6.35,197.19,rice
82.24,49.39,52.14,31.18,83.78,6.32,221.41,rice
99.9,48.09,56.65,25.41,88.58,6.07,239.47,rice
104.72,55.82,57.96,35.91,79.77,5.85,265.12,rice
73.95,30.97,55.01,29.05,84.62,6.25,283.28,rice
95.04,54.67,50.95,25.09,87.2,6.02,244.58,rice
86.73,64.34,59.02,29.1,77.1,6.37,252.35,rice
89.17,48.87,54.41,29.63,85.25,6.03,247.29,rice
79.54,55.35,63.11,24.19,82.86,6.41,200.41,rice
98.01,67.18,50.65,24.23,73.83,5.59,199.34,rice
99.97,56.92,68.43,27.78,74.64,5.53,255.7,rice
118.23,45.16,62.63,29.85,85.38,5.78,217.34,rice
80.94,45.9,53.86,31.94,73.97,6.18,233.22,rice
84.03,57.89,64.86,34.35,81.91,6.57,225.94,rice
105.91,51.27,56.8,30.09,70.14,6.38,214.36,rice
69.9,55.0,62.8,25.87,82.79,6.63,195.13,rice
95.82,51.22,50.83,32.25,80.47,5.98,204.59,rice
67.81,42.82,60.41,26.68,72.95,6.56,180.22,rice
81.47,54.71,69.58,26.6,80.5,6.19,219.94,rice
81.3,53.27,54.16,22.21,82.93,6.27,251.31,rice
92.54,56.39,58.99,28.55,87.79,6.24,209.69,rice
68.15,54.56,58.11,28.31,85.59,6.73,209.65,rice
111.34,50.82,68.64,20.42,86.66,5.99,204.77,rice
106.88,55.01,52.58,25.62,83.08,6.36,291.54,rice
106.49,35.99,62.48,25.91,93.09,6.23,235.8,rice
84.45,48.84,59.51,23.83,89.32,6.37,208.37,rice
71.88,48.66,73.05,32.5,80.32,6.42,250.56,rice
84.75,73.44,46.53,32.03,87.34,6.46,240.47,rice
92.55,46.45,67.28,26.02,83.77,6.3,253.18,rice
79.18,47.83,63.2,27.39,93.53,6.38,211.26,rice
95.1,54.31,75.04,27.73,79.46,6.11,242.72,rice
60.04,47.85,38.25,26.84,85.04,6.17,207.34,rice
89.32,57.14,61.02,28.94,85.67,5.85,248.98,rice
104.91,44.9,50.17,27.38,79.25,6.36,188.49,rice
98.71,42.09,66.1,29.13,78.5,5.77,236.36,rice
70.77,53.82,68.02,18.64,81.18,6.11,294.2,rice
91.26,51.2,56.23,31.48,78.54,6.71,226.01,rice
79.62,47.72,44.9,26.48,80.29,6.27,291.0,rice
74.65,41.44,77.07,24.89,92.67,6.2,225.97,rice
98.8,42.46,49.64,28.43,90.92,5.9,304.37,rice
93.41,57.68,62.81,27.17,77.31,6.11,258.84,rice
89.99,51.93,56.45,33.36,76.37,5.7,242.48,rice
101.11,56.24,56.03,28.91,87.73,5.85,190.26,rice
85.57,59.61,46.46,31.43,82.91,6.05,238.49,rice
79.45,43.23,63.69,23.73,87.02,6.36,240.49,rice
86.75,45.72,68.08,24.05,80.42,6.36,225.13,rice
80.99,44.78,79.38,26.96,73.41,6.67,219.8,rice
91.41,55.94,56.27,26.28,82.03,6.23,200.94,rice
82.32,51.71,58.2,23.97,84.8,6.4,222.43,rice
91.97,52.33,66.6,22.02,84.89,6.33,239.36,rice
109.29,55.62,58.51,28.42,76.85,5.88,274.95,rice
87.32,58.95,61.66,24.39,76.56,6.45,302.46,rice
96.31,45.45,43.53,32.06,90.93,6.63,209.32,rice
107.25,38.81,65.28,33.02,83.67,6.56,192.13,rice
84.12,53.68,57.8,23.57,88.98,6.1,207.69,rice
101.95,52.25,38.05,21.81,82.89,6.73,290.47,rice
89.75,66.48,53.22,29.2,77.2,5.62,177.67,rice
93.99,38.2,53.37,30.03,76.81,6.28,189.47,rice
81.89,51.17,55.68,29.62,72.85,6.45,154.41,rice
102.34,53.2,68.92,32.56,73.05,5.81,236.04,rice
96.54,54.68,58.39,26.1,88.97,6.14,261.87,rice
88.54,47.39,59.5,25.07,83.68,6.31,259.5,rice
74.73,69.34,56.11,21.03,77.23,6.68,235.67,rice
126.61,42.41,52.13,30.22,75.69,6.43,254.53,rice
103.04,48.86,45.5,24.21,75.51,6.44,224.21,rice
108.65,53.79,58.52,31.61,93.3,6.36,168.22,rice
88.78,47.18,67.18,28.65,83.08,6.03,225.44,rice
63.51,50.43,44.88,29.25,88.63,6.08,225.05,rice
58.9,45.81,77.47,27.52,85.17,6.2,257.32,rice
73.7,53.01,46.75,25.8,79.79,6.48,186.56,rice
95.61,70.36,60.13,28.95,87.13,6.97,160.13,rice
117.49,56.65,54.52,25.46,83.76,5.99,190.72,rice
84.12,36.38,45.24,18.49,41.58,6.8,86.67,wheat
84.51,51.0,47.98,15.43,59.94,6.82,85.54,wheat
70.77,56.2,42.53,22.42,53.48,6.51,116.6,wheat
96.2,44.73,48.46,20.76,47.98,7.04,92.37,wheat
118.59,70.56,42.87,16.58,40.45,7.24,70.53,wheat
89.75,53.36,47.29,18.15,52.85,6.91,87.64,wheat
111.32,58.13,56.59,10.35,59.76,6.59,50.06,wheat
109.02,57.53,41.2,18.67,52.21,6.73,88.33,wheat
100.99,57.06,48.83,17.88,46.58,6.4,86.13,wheat
99.88,45.78,50.95,16.78,46.3,7.07,81.7,wheat
103.61,73.47,52.23,11.84,49.77,7.06,82.49,wheat
116.23,59.96,58.86,14.49,67.2,6.3,87.58,wheat
102.76,41.81,54.23,17.39,62.3,7.05,77.08,wheat
97.51,54.03,41.63,10.84,58.25,6.73,52.67,wheat
102.69,46.36,42.42,12.96,58.11,6.88,56.45,wheat
91.36,47.52,47.04,20.89,39.42,6.43,76.95,wheat
102.66,54.79,48.55,20.94,50.5,7.2,43.26,wheat
92.35,64.69,38.37,21.46,60.68,7.3,85.89,wheat
120.55,53.74,49.84,12.86,55.6,6.61,66.77,wheat
106.48,54.37,57.8,20.3,53.94,7.62,99.88,wheat
96.05,57.82,45.56,19.58,59.92,6.67,111.32,wheat
104.74,52.29,65.9,23.15,48.36,6.5,106.94,wheat
113.97,40.93,57.97,19.57,54.48,6.96,61.34,wheat
107.33,61.02,55.93,11.72,53.55,6.57,105.84,wheat
120.34,61.42,60.25,19.62,52.47,6.74,60.86,wheat
101.4,68.5,50.17,19.28,55.79,6.22,82.72,wheat
118.07,56.88,46.88,15.97,67.04,7.11,86.81,wheat
87.65,53.24,57.5,19.52,59.15,7.02,73.36,wheat
127.05,57.75,46.45,23.94,56.68,6.58,41.62,wheat
114.39,54.02,54.57,18.16,46.02,6.59,51.11,wheat
121.94,59.5,65.72,17.38,60.14,6.83,76.94,wheat
103.0,49.79,39.28,20.73,46.46,6.11,92.03,wheat
105.97,51.56,46.83,14.26,40.03,7.32,106.32,wheat
128.28,60.27,30.21,9.83,53.56,6.33,82.67,wheat
103.23,54.62,53.09,16.55,41.56,6.77,83.35,wheat
119.36,63.47,60.6,16.62,57.59,6.73,107.53,wheat
145.97,56.53,55.27,14.2,56.3,6.77,77.88,wheat
113.14,57.24,63.02,19.7,52.97,6.35,78.66,wheat
95.21,48.68,56.19,20.13,62.64,7.13,110.69,wheat
118.31,58.08,50.99,13.82,57.2,6.72,80.48,wheat
86.03,58.69,55.34,21.66,40.91,6.71,74.99,wheat
93.54,51.9,64.09,17.5,54.46,6.85,73.02,wheat
157.32,58.65,41.88,23.24,55.81,7.25,81.24,wheat
107.7,45.3,43.93,20.16,54.02,7.05,59.23,wheat
121.51,52.61,35.19,22.49,52.71,6.66,77.84,wheat
92.34,58.76,51.02,18.51,47.5,6.44,45.98,wheat
101.5,53.15,57.85,23.27,57.28,7.05,98.21,wheat
117.82,53.18,32.91,18.56,53.47,6.53,60.94,wheat
117.05,50.12,62.02,12.89,61.4,6.63,59.23,wheat
104.2,46.41,28.66,18.12,42.99,6.74,47.37,wheat
116.05,55.1,50.07,19.62,50.41,7.55,81.87,wheat
117.28,54.84,47.19,14.73,69.74,6.4,80.02,wheat
111.68,62.21,58.42,13.77,62.52,7.05,72.36,wheat
98.53,53.35,52.67,17.76,57.58,6.26,67.93,wheat
100.03,53.24,39.42,14.13,57.37,6.77,89.33,wheat
121.06,52.04,43.12,13.27,58.82,6.64,68.27,wheat
120.01,49.0,43.99,17.2,60.16,6.54,85.36,wheat
109.37,44.95,40.33,12.01,52.29,6.72,75.15,wheat
132.56,70.03,54.6,18.07,58.2,7.29,66.62,wheat
90.3,58.83,32.62,20.76,58.5,6.34,81.98,wheat
122.87,48.81,52.91,21.1,59.24,6.38,78.2,wheat
114.46,56.07,44.73,18.59,47.71,7.05,82.14,wheat
113.41,62.65,39.92,16.12,55.41,6.47,101.45,wheat
96.8,58.35,41.49,13.44,59.81,6.93,84.66,wheat
125.77,65.43,53.05,21.38,55.8,6.48,71.27,wheat
107.19,51.8,76.2,22.36,58.22,6.86,83.72,wheat
107.47,46.94,48.29,17.73,63.83,6.42,63.63,wheat
114.08,54.75,60.59,14.63,54.86,6.89,60.05,wheat
85.15,60.5,48.36,12.51,62.18,7.01,97.56,wheat
111.76,50.52,44.29,18.77,49.26,6.67,90.61,wheat
98.98,50.5,52.01,19.51,51.19,6.37,75.4,wheat
114.95,51.05,54.8,19.66,59.0,6.6,82.92,wheat
85.46,60.62,52.15,13.43,57.94,6.82,91.99,wheat
109.53,63.57,48.51,17.69,46.13,6.79,63.93,wheat
115.15,69.5,56.78,15.47,59.32,7.18,74.42,wheat
97.32,50.83,59.26,18.59,48.55,6.91,52.8,wheat
116.82,55.39,43.26,18.82,64.43,6.66,69.23,wheat
119.22,49.26,37.49,16.72,54.96,7.02,49.21,wheat
119.23,49.92,41.83,21.62,49.72,7.22,82.15,wheat
96.15,58.57,79.64,12.41,53.4,6.71,102.88,wheat
101.59,51.8,49.76,15.8,65.36,7.13,96.12,wheat
123.34,48.45,57.29,12.03,58.46,6.78,66.45,wheat
114.54,59.57,55.33,15.31,58.1,7.13,90.33,wheat
107.71,47.11,55.7,12.19,49.38,7.44,76.22,wheat
110.4,49.31,39.6,16.69,47.8,6.9,64.81,wheat
87.5,59.12,53.91,14.77,38.51,6.2,55.67,wheat
111.36,41.8,42.74,22.21,39.87,7.52,74.95,wheat
134.95,54.75,67.04,20.88,66.76,6.82,75.89,wheat
109.65,47.77,57.74,16.05,55.03,6.32,71.11,wheat
88.58,75.69,39.83,18.18,54.92,6.89,88.87,wheat
102.93,64.17,54.19,16.21,57.3,6.42,88.05,wheat
107.9,66.21,55.58,18.45,52.21,6.63,75.16,wheat
112.94,45.36,41.45,19.85,58.05,6.58,82.91,wheat
99.07,48.05,46.53,13.46,54.64,6.54,59.37,wheat
123.17,51.7,66.23,17.94,43.85,6.46,52.68,wheat
134.07,53.33,24.71,19.25,58.28,7.25,108.24,wheat
106.02,50.26,39.43,14.38,54.69,6.73,61.55,wheat
103.41,52.43,56.75,18.35,58.1,6.36,82.87,wheat
103.8,57.57,45.83,25.41,57.88,6.2,79.07,wheat
121.86,50.03,43.91,21.54,52.73,6.77,67.43,wheat
84.59,57.74,48.44,17.07,46.98,6.83,74.25,wheat
113.45,41.91,33.16,18.22,62.48,7.16,80.65,wheat
91.76,56.68,53.08,19.01,48.47,6.9,82.53,wheat
106.44,63.89,55.85,16.43,56.25,6.35,70.58,wheat
115.41,51.3,46.13,12.41,44.61,6.56,112.51,wheat
103.38,52.68,56.59,20.88,47.83,6.84,70.08,wheat
126.66,57.0,44.78,18.94,59.5,7.08,65.77,wheat
126.79,55.8,51.63,20.79,61.87,6.9,82.04,wheat
106.34,50.11,66.96,22.9,54.99,6.77,66.54,wheat
110.92,52.31,41.34,16.73,63.25,6.67,63.12,wheat
112.26,59.71,46.99,20.19,48.42,7.27,93.92,wheat
116.81,54.77,53.77,21.03,60.72,7.3,51.19,wheat
108.71,57.21,28.54,14.95,54.82,6.42,57.4,wheat
110.64,57.09,32.02,12.32,54.77,5.9,74.6,wheat
123.95,56.09,58.74,19.31,57.9,6.77,99.43,wheat
100.42,50.72,36.36,14.73,63.34,6.1,48.64,wheat
111.99,53.75,58.42,16.98,67.07,7.22,79.06,wheat
125.83,52.85,48.34,20.8,64.47,7.0,115.3,wheat
105.5,45.91,45.9,19.83,52.88,7.41,75.59,wheat
111.75,51.29,55.09,16.87,51.74,7.13,78.14,wheat
146.03,59.24,41.47,19.56,60.27,6.64,108.08,wheat
119.79,54.4,60.34,17.4,55.86,7.22,81.08,wheat
102.53,54.37,46.88,21.71,48.02,7.06,65.85,wheat
135.9,56.3,50.93,9.6,57.28,6.56,72.71,wheat
79.97,52.3,57.3,14.73,58.59,6.84,119.88,wheat
112.2,49.36,53.0,15.94,40.57,6.67,70.6,wheat
95.24,51.88,34.1,19.0,60.37,6.85,114.91,wheat
103.96,55.34,57.51,17.32,41.86,6.65,81.38,wheat
116.92,39.96,63.52,15.53,45.92,6.74,61.71,wheat
109.36,49.49,23.83,18.78,59.67,6.7,45.87,wheat
98.1,64.21,47.67,21.59,55.46,6.64,66.94,wheat
112.29,55.44,44.71,17.26,52.43,6.95,81.67,wheat
86.96,66.5,42.94,17.77,58.57,6.83,49.94,wheat
83.69,56.85,46.51,19.49,56.25,7.12,78.45,wheat
92.18,55.11,45.33,20.83,51.21,6.64,61.19,wheat
109.01,59.87,63.1,11.24,58.28,7.03,89.38,wheat
114.55,55.95,68.6,18.64,56.93,6.55,82.76,wheat
115.29,48.72,43.93,17.63,51.73,6.33,36.24,wheat
108.48,54.75,48.85,17.48,65.47,6.57,61.56,wheat
110.98,57.27,41.27,17.32,67.74,6.86,76.08,wheat
99.0,51.73,52.62,22.71,51.83,6.65,50.46,wheat
106.42,58.85,44.99,17.17,46.01,6.14,71.05,wheat
113.84,45.65,59.66,16.43,72.04,6.18,99.36,wheat
126.98,55.04,46.24,14.31,50.33,6.64,85.04,wheat
108.24,55.98,44.0,17.2,44.91,7.28,60.28,wheat
94.6,55.07,69.73,18.0,53.14,6.28,85.34,wheat
111.19,61.58,52.13,15.55,49.8,6.49,101.89,wheat
99.66,52.58,47.37,20.21,51.21,6.73,66.2,wheat
115.51,60.63,46.53,18.44,49.78,6.91,88.3,wheat
116.05,53.44,45.01,20.65,51.13,6.38,65.7,wheat
110.09,43.89,62.1,18.15,51.97,7.57,58.04,wheat
100.07,53.11,55.69,17.98,51.82,6.62,81.38,wheat
107.31,62.93,51.55,15.15,59.62,6.75,46.71,wheat
110.8,52.33,37.98,21.46,67.5,6.68,88.48,wheat
111.54,67.15,43.2,18.02,63.95,6.92,107.81,wheat
125.42,68.85,50.74,13.42,52.58,6.83,86.73,wheat
82.99,52.1,50.48,19.1,51.69,6.84,57.07,wheat
115.15,49.65,60.01,21.99,47.44,7.66,64.96,wheat
121.48,71.84,37.21,22.67,56.01,7.01,119.68,wheat
122.61,49.2,48.59,16.78,49.4,6.24,97.47,wheat
90.92,52.43,52.61,13.62,55.05,6.88,73.19,wheat
98.33,50.51,45.13,20.45,56.26,6.45,57.15,wheat
100.21,59.77,47.82,21.19,50.35,7.15,91.46,wheat
103.98,69.26,47.69,14.89,66.09,6.54,96.35,wheat
102.06,46.99,69.83,14.98,62.42,7.05,90.21,wheat
125.34,53.86,41.71,20.11,57.06,6.4,97.87,wheat
100.34,59.36,41.71,15.94,60.69,6.14,75.84,wheat
97.36,58.12,50.87,22.98,51.22,7.41,79.48,wheat
94.27,57.06,35.56,18.4,59.91,6.7,61.65,wheat
112.83,45.28,50.78,14.29,55.87,6.35,84.45,wheat
107.58,58.58,42.1,17.03,63.71,6.59,82.49,wheat
111.97,49.2,55.11,10.65,48.96,7.17,93.34,wheat
106.43,53.46,55.87,17.33,42.3,6.92,77.2,wheat
87.95,52.41,54.69,15.75,52.85,6.63,109.92,wheat
127.02,53.38,56.03,14.57,58.29,6.35,69.87,wheat
135.92,54.04,50.04,17.02,49.84,6.8,88.01,wheat
120.81,58.33,56.04,14.09,65.28,6.56,87.74,wheat
123.25,56.39,61.14,14.18,54.07,6.96,101.06,wheat
105.1,56.61,69.25,16.13,69.45,6.54,77.16,wheat
109.15,53.33,52.97,23.22,57.29,6.77,109.06,wheat
122.36,62.02,50.79,21.1,57.74,7.15,87.02,wheat
88.37,60.38,61.19,13.06,62.47,6.62,105.41,wheat
82.72,53.97,60.6,12.0,58.99,6.16,44.8,wheat
117.16,60.98,48.85,20.45,42.23,6.53,70.18,wheat
97.68,44.93,38.69,21.95,51.76,6.76,113.87,wheat
125.18,59.06,50.74,6.4,54.08,7.1,68.1,wheat
84.88,60.9,61.01,16.74,51.49,6.57,77.9,wheat
127.55,48.49,43.37,11.65,60.86,6.26,106.25,wheat
86.64,45.04,63.24,13.52,49.96,7.09,90.63,wheat
112.46,35.03,65.46,16.8,50.54,6.41,104.98,wheat
114.52,51.95,62.97,19.6,55.53,6.12,89.1,wheat
111.41,58.97,41.45,13.74,54.72,6.9,77.91,wheat
106.72,44.84,57.15,11.43,57.79,6.78,84.61,wheat
103.73,61.27,61.73,19.59,64.83,6.97,41.1,wheat
110.39,54.84,59.11,19.6,56.19,6.96,76.24,wheat
132.61,53.19,31.52,20.83,57.07,7.24,70.67,wheat
120.83,43.02,39.52,20.96,68.18,6.82,59.66,wheat
102.18,57.22,45.5,18.96,58.16,6.91,67.85,wheat
119.42,60.11,51.33,9.17,52.81,6.28,57.83,wheat
98.34,55.72,55.82,18.52,41.08,7.18,54.32,wheat
66.09,55.83,52.77,20.75,61.11,6.39,94.34,wheat
113.69,50.36,58.59,16.46,63.5,6.85,68.68,wheat
115.53,47.05,56.49,20.04,53.88,7.35,82.34,wheat
114.25,55.16,39.92,17.03,53.79,6.62,90.72,wheat
117.71,56.29,49.12,18.04,62.04,6.29,107.69,wheat
82.88,67.39,58.53,15.88,53.81,6.58,117.58,wheat
118.63,48.1,53.61,14.57,45.66,7.09,96.73,wheat
131.88,61.12,58.22,11.84,54.5,6.88,76.32,wheat
116.81,45.87,52.63,17.65,47.94,6.83,38.97,wheat
117.27,46.96,41.71,20.06,61.78,6.33,75.01,wheat
120.03,49.47,50.96,15.85,57.76,6.29,77.92,wheat
119.85,58.05,40.45,19.29,56.0,6.62,118.37,wheat
89.76,53.26,37.67,16.2,58.26,6.94,81.21,wheat
101.54,51.53,61.91,15.64,46.4,6.48,110.14,wheat
115.97,60.58,49.49,18.16,50.36,7.18,76.07,wheat
102.52,62.52,51.96,21.0,52.84,6.95,46.2,wheat
97.78,57.04,49.41,17.38,64.8,6.6,79.78,wheat
111.55,58.65,57.76,21.28,47.31,7.47,100.54,wheat
97.68,62.25,54.43,18.27,47.11,7.05,84.51,wheat
120.16,41.86,63.11,21.16,52.98,6.09,67.24,wheat
99.36,36.53,62.37,28.38,59.97,6.28,105.28,maize
107.56,47.38,69.26,25.48,60.13,6.7,103.85,maize
90.64,45.84,75.93,23.5,71.0,6.81,115.1,maize
84.23,40.36,51.89,25.02,68.75,6.4,79.28,maize
119.88,44.29,71.55,19.79,64.18,6.33,166.07,maize
92.25,49.96,48.75,24.93,65.25,6.64,66.58,maize
70.53,51.7,54.25,22.22,69.15,6.19,148.91,maize
137.29,71.23,64.56,27.37,59.89,6.79,59.58,maize
143.85,45.09,67.05,20.68,69.15,7.04,154.09,maize
105.12,51.4,60.68,26.17,62.98,6.53,102.38,maize
96.76,40.62,73.15,26.86,65.5,6.85,117.84,maize
79.42,49.25,92.36,24.41,65.4,5.82,132.85,maize
91.78,39.45,73.47,23.34,63.26,6.02,152.48,maize
121.94,51.13,53.0,23.7,67.19,6.12,120.13,maize
102.42,57.39,66.54,20.03,66.53,6.84,150.78,maize
101.18,54.9,69.6,23.5,59.29,6.55,97.26,maize
91.63,37.54,51.98,27.82,74.68,6.41,165.87,maize
88.2,47.7,59.99,26.35,61.61,6.49,94.39,maize
99.93,63.59,25.45,21.39,81.7,6.6,172.02,maize
117.65,69.32,72.38,27.62,58.95,6.42,120.02,maize
94.57,53.27,42.6,23.38,58.42,6.78,132.25,maize
124.23,46.09,71.03,26.51,62.8,6.99,99.41,maize
101.34,43.93,51.44,26.67,71.9,6.54,147.51,maize
109.73,36.11,71.4,19.74,65.78,6.43,107.41,maize
103.67,51.63,76.05,34.04,63.49,6.94,180.64,maize
105.48,44.65,70.32,28.94,66.93,6.78,125.09,maize
113.73,52.16,70.71,33.27,67.98,6.13,146.77,maize
117.54,53.07,64.18,26.98,50.51,6.27,130.86,maize
82.31,50.99,68.04,27.1,65.54,6.13,71.49,maize
114.57,52.54,86.02,26.93,54.48,6.23,121.5,maize
118.38,54.67,47.06,25.75,59.89,6.34,180.13,maize
73.4,53.94,63.97,22.76,63.7,6.39,184.3,maize
122.56,52.51,50.62,22.33,61.93,6.76,93.27,maize
109.01,45.88,86.0,27.79,67.82,6.07,110.21,maize
123.8,38.79,55.46,30.36,70.47,6.46,125.88,maize
86.81,52.95,55.94,22.48,64.13,5.82,84.7,maize
106.28,49.23,53.12,26.65,71.44,6.86,113.1,maize
99.95,46.64,71.91,24.05,55.88,6.51,45.32,maize
102.33,66.12,59.53,25.16,54.87,6.38,61.06,maize
144.44,42.87,69.62,26.41,58.29,6.03,143.18,maize
101.89,47.03,61.63,26.03,70.47,6.4,144.36,maize
111.97,48.81,42.65,20.64,62.68,6.67,112.64,maize
98.3,51.61,65.23,29.54,61.83,6.36,151.19,maize
137.61,55.09,58.58,28.88,56.88,6.24,115.31,maize
78.08,43.51,71.51,27.02,69.0,5.85,139.95,maize
96.89,56.51,87.98,28.92,60.47,6.49,183.86,maize
109.82,53.38,44.58,23.97,71.58,6.71,139.03,maize
105.88,44.37,57.32,23.61,56.4,6.53,110.19,maize
84.01,50.19,78.25,22.14,57.22,6.44,139.83,maize
120.86,54.58,56.51,25.33,70.19,6.12,96.18,maize
95.84,55.03,66.96,32.0,80.31,6.36,125.38,maize
97.51,46.65,75.44,23.18,74.43,6.72,108.31,maize
121.6,51.85,64.66,26.03,64.7,6.5,97.91,maize
103.18,52.87,59.17,20.41,64.06,6.26,93.15,maize
98.83,58.33,46.4,25.46,62.23,6.63,122.45,maize
95.19,55.02,51.88,22.45,60.99,7.0,130.16,maize
123.85,52.62,55.5,25.15,66.61,6.64,129.88,maize
115.2,48.89,71.64,22.79,68.79,6.38,165.46,maize
134.43,47.49,68.84,25.81,63.43,5.93,120.6,maize
129.56,56.41,80.3,21.11,56.97,6.23,136.35,maize
93.86,76.38,77.68,25.62,63.44,6.62,109.69,maize
90.86,60.34,55.44,28.41,70.94,6.09,123.12,maize
122.85,42.18,74.02,24.63,70.72,6.86,159.79,maize
113.59,44.8,81.1,22.34,68.08,6.74,121.21,maize
100.24,37.7,53.47,24.13,64.96,6.76,172.21,maize
101.88,56.57,54.64,26.74,61.23,6.44,167.22,maize
103.91,60.79,70.13,24.49,70.28,6.28,132.08,maize
94.14,56.15,66.74,24.85,65.17,6.24,142.59,maize
85.94,46.56,44.29,24.71,52.86,6.91,111.06,maize
89.76,58.29,53.13,25.66,61.12,6.67,123.4,maize
95.11,54.47,66.77,23.17,69.49,6.1,134.64,maize
112.37,62.7,64.57,22.99,58.84,6.22,131.14,maize
95.33,54.99,46.38,28.6,67.57,5.94,104.2,maize
122.16,56.22,46.85,21.7,57.56,7.06,142.73,maize
100.37,49.28,64.93,22.94,70.86,6.49,79.83,maize
96.01,39.7,63.54,24.85,57.08,7.07,173.98,maize
134.16,65.6,59.41,21.84,72.39,6.15,164.47,maize
98.78,42.1,55.78,23.13,69.06,6.61,153.29,maize
79.47,48.53,80.01,27.81,59.89,6.46,126.54,maize
99.65,37.31,81.64,22.54,68.46,6.02,168.81,maize
102.52,38.07,48.32,22.21,56.86,6.4,117.94,maize
110.03,52.51,73.03,21.56,62.42,6.29,116.26,maize
58.66,53.94,50.81,29.31,54.23,6.8,88.13,maize
78.0,46.05,57.28,26.07,51.46,6.71,147.99,maize
104.74,45.38,57.75,23.92,72.91,6.57,192.64,maize
115.51,60.67,71.23,29.12,66.92,6.6,111.6,maize
84.37,56.07,75.24,27.46,74.3,6.99,115.52,maize
123.25,66.85,48.99,21.9,60.87,6.12,129.73,maize
104.33,41.28,68.18,28.33,67.37,6.87,142.76,maize
103.6,43.55,50.7,25.02,61.1,6.34,201.05,maize
107.2,41.08,56.04,27.36,62.84,6.65,130.2,maize
139.89,42.62,85.02,23.1,66.65,6.62,161.04,maize
104.43,64.45,63.66,27.74,73.81,6.24,91.79,maize
95.12,51.69,49.8,24.81,54.98,6.63,108.8,maize
97.4,45.66,53.65,27.04,82.39,6.61,142.91,maize
140.92,27.16,64.17,19.99,64.45,6.61,160.47,maize
109.24,51.87,62.31,25.67,66.44,6.44,174.7,maize
115.45,41.61,38.81,29.87,67.34,6.07,117.53,maize
101.82,45.66,86.48,28.09,69.09,6.71,113.72,maize
128.88,66.88,64.83,24.49,54.65,6.1,177.29,maize
110.54,47.96,56.76,22.65,52.53,6.78,194.69,maize
84.56,59.49,58.93,24.27,61.52,6.94,100.84,maize
86.02,56.06,62.77,21.89,61.38,6.69,73.39,maize
119.56,52.61,52.6,30.91,76.78,6.01,181.16,maize
113.28,43.45,72.88,28.54,71.98,6.58,85.07,maize
102.45,34.64,44.0,24.75,77.22,6.53,167.58,maize
125.54,46.89,56.6,25.0,55.15,6.44,140.16,maize
111.04,49.62,53.47,28.32,66.06,6.74,147.96,maize
95.6,54.29,61.2,25.16,62.63,6.7,114.11,maize
99.69,46.29,67.85,25.41,62.42,6.47,116.34,maize
126.42,43.79,65.88,26.67,70.13,6.79,123.48,maize
106.46,39.37,39.47,27.26,61.65,6.84,149.5,maize
126.19,49.17,55.47,24.4,71.04,6.6,114.51,maize
105.38,42.87,59.99,26.98,65.91,6.48,209.24,maize
101.11,56.38,67.09,25.52,66.37,6.41,130.3,maize
96.97,48.57,70.53,28.08,66.52,6.79,155.52,maize
94.99,58.6,52.26,28.06,66.01,6.26,128.61,maize
120.63,43.8,64.57,22.81,55.13,6.34,115.46,maize
86.75,52.14,61.05,22.3,80.03,6.4,106.1,maize
109.57,46.34,66.63,25.49,67.65,6.29,108.14,maize
98.53,42.85,58.28,27.01,78.86,6.81,148.33,maize
96.15,46.39,61.59,24.53,63.88,6.43,88.02,maize
92.64,59.5,58.04,24.34,67.54,6.52,121.12,maize
101.07,39.38,43.68,25.69,77.95,6.41,110.0,maize
112.12,39.55,65.26,21.86,58.27,6.72,167.75,maize
105.82,40.05,61.82,33.96,65.97,6.55,103.88,maize
108.19,53.34,57.67,23.1,83.81,6.13,124.26,maize
119.8,45.25,58.42,21.31,58.93,6.72,133.07,maize
99.56,52.91,58.37,28.29,72.15,6.79,94.57,maize
98.61,53.79,74.02,25.03,64.46,6.51,140.52,maize
117.28,50.41,42.11,25.81,72.67,6.89,145.34,maize
86.63,57.88,71.26,22.95,66.06,6.44,137.81,maize
85.43,47.93,64.25,28.38,59.88,6.48,147.98,maize
115.12,43.85,60.35,27.47,62.86,6.26,153.19,maize
106.02,42.58,68.4,23.88,60.76,6.61,181.27,maize
105.55,53.43,51.87,18.57,78.34,6.54,153.47,maize
88.8,53.6,53.54,24.34,55.88,6.67,41.06,maize
91.68,53.74,66.59,24.38,64.91,7.04,99.47,maize
117.98,54.31,66.54,26.86,65.01,6.63,149.31,maize
104.73,48.97,51.86,28.31,67.76,6.46,124.38,maize
109.82,56.24,71.56,33.22,52.1,6.32,140.31,maize
102.77,52.97,64.82,27.59,68.43,6.71,76.04,maize
60.92,55.0,61.01,24.31,73.93,6.85,175.67,maize
95.22,57.72,75.31,21.81,63.98,6.4,108.42,maize
131.96,40.97,69.53,27.1,72.47,7.08,102.92,maize
128.13,50.13,86.38,26.03,61.29,6.22,109.34,maize
95.61,38.7,66.4,26.52,67.0,5.68,158.97,maize
90.99,52.77,55.96,26.3,67.43,7.09,136.5,maize
146.37,38.77,67.84,24.93,58.22,6.24,105.43,maize
93.92,44.6,55.49,25.52,76.66,6.19,141.27,maize
99.33,56.96,58.53,28.89,75.03,6.25,121.72,maize
110.85,50.09,54.23,26.27,54.42,6.39,167.29,maize
103.24,46.96,67.33,21.1,73.09,6.96,95.4,maize
108.43,49.27,75.93,25.55,65.6,6.33,163.67,maize
90.21,57.18,45.57,23.7,71.23,6.06,113.43,maize
115.25,61.81,68.57,25.57,56.85,6.55,140.56,maize
109.25,70.13,36.8,29.17,60.42,6.93,147.25,maize
85.21,52.89,73.85,23.49,72.29,6.76,122.45,maize
87.22,51.75,61.99,25.29,77.19,6.17,161.27,maize
117.65,55.63,69.0,29.42,59.71,5.9,109.41,maize
94.12,55.21,58.35,23.02,66.9,6.52,160.53,maize
109.92,55.82,59.4,24.23,65.16,6.15,101.28,maize
96.11,39.58,64.4,26.8,67.59,7.0,141.96,maize
131.19,61.33,77.3,25.86,59.78,6.98,189.21,maize
69.34,55.04,53.32,29.43,60.4,6.57,142.84,maize
123.75,54.11,82.7,28.4,71.74,6.66,130.16,maize
97.21,52.89,68.21,24.04,72.65,7.02,154.94,maize
120.53,52.18,60.63,25.1,72.6,6.41,173.18,maize
112.46,45.2,49.46,22.11,59.93,5.88,132.73,maize
75.71,50.3,58.81,25.18,66.08,6.14,63.17,maize
100.04,59.98,64.53,32.31,57.13,6.47,178.3,maize
104.01,48.06,47.56,30.98,65.54,6.5,163.77,maize
108.93,54.15,65.05,24.48,68.93,6.5,137.45,maize
90.45,60.62,61.48,23.82,54.91,6.5,113.59,maize
104.01,63.11,71.82,23.97,62.04,5.78,141.73,maize
103.73,49.21,43.79,25.49,53.75,6.08,152.44,maize
113.23,53.82,68.76,25.24,69.23,6.12,155.63,maize
100.18,64.0,63.02,22.57,73.28,6.47,147.84,maize
107.08,55.32,57.5,22.5,64.52,6.91,135.54,maize
109.82,55.59,35.87,26.11,53.57,6.06,168.93,maize
112.48,37.77,53.68,22.63,53.88,6.81,116.41,maize
113.85,51.01,48.96,21.17,59.87,6.62,79.97,maize
79.73,54.65,63.67,22.86,61.77,6.74,97.66,maize
116.7,57.9,57.66,29.06,75.67,6.31,138.2,maize
109.22,57.58,81.31,18.96,68.55,6.86,34.69,maize
79.94,49.75,53.33,21.95,65.99,6.65,151.08,maize
107.45,38.34,47.67,25.39,64.87,6.39,140.95,maize
90.15,59.75,59.24,25.49,59.78,6.42,132.28,maize
96.48,59.14,48.32,20.86,62.11,6.44,145.91,maize
123.54,52.72,54.0,26.16,66.77,6.65,199.64,maize
83.97,48.02,102.97,28.1,58.16,6.34,109.57,maize
100.25,38.17,66.45,27.61,61.42,6.76,166.36,maize
117.84,57.22,81.74,26.35,62.93,6.84,132.18,maize
113.74,55.96,64.79,30.84,67.07,7.12,99.01,maize
114.99,54.39,40.34,26.11,73.29,6.67,117.7,maize
90.74,57.68,66.33,18.32,62.12,6.28,161.86,maize
88.0,55.33,37.44,24.63,63.85,7.15,96.32,maize
123.38,47.5,55.71,21.78,65.49,6.9,177.92,maize
115.57,62.39,75.3,24.58,58.06,7.05,110.53,maize
91.9,51.01,67.91,23.01,73.51,6.74,136.02,maize
121.29,63.63,76.89,27.56,64.5,6.33,145.75,maize
102.52,48.51,68.51,28.8,63.84,6.62,90.71,maize
87.49,60.57,67.0,25.79,71.64,6.35,108.91,maize
102.15,45.98,81.68,22.78,56.82,6.38,141.32,maize
71.43,56.7,45.06,26.62,48.42,6.4,138.43,maize
126.2,47.15,75.94,22.74,60.88,6.38,79.07,maize
131.37,71.89,77.84,25.91,71.4,6.16,129.59,maize
89.21,45.93,60.94,24.4,59.92,6.4,174.58,maize
68.77,49.8,50.3,23.94,76.05,6.14,104.38,maize
92.72,56.27,51.75,25.18,61.65,6.35,130.43,maize
139.08,54.86,58.7,23.48,61.15,6.45,130.03,maize
92.83,44.9,67.84,26.33,59.41,6.45,131.02,maize
114.15,66.12,49.16,23.43,72.88,6.64,124.47,maize
140.58,56.77,77.02,24.12,69.16,6.2,123.76,maize
101.04,51.49,80.14,24.04,65.32,6.38,134.52,maize
79.77,63.53,70.12,21.7,64.36,6.7,135.61,maize
109.25,63.96,79.87,26.64,68.36,6.78,138.75,maize
109.65,57.06,73.29,22.67,62.1,6.13,94.78,maize
102.23,48.49,57.68,29.48,66.29,6.83,128.94,maize
87.34,45.85,69.81,25.8,67.95,6.49,144.82,maize
67.9,41.17,47.74,26.45,55.27,6.54,129.68,cotton
77.25,46.23,61.95,32.34,56.51,7.1,102.89,cotton
75.13,60.45,61.97,33.66,55.88,7.07,110.26,cotton
70.81,36.07,53.98,21.88,56.53,7.29,109.72,cotton
91.54,50.17,58.43,25.88,57.58,8.01,102.85,cotton
94.32,41.4,60.77,33.14,63.42,7.3,92.96,cotton
60.3,43.96,91.73,25.16,47.51,7.11,79.58,cotton
90.78,27.24,86.31,22.99,51.53,6.77,107.66,cotton
57.93,30.41,62.52,27.32,47.42,7.27,81.38,cotton
101.84,31.3,64.51,26.49,40.8,7.28,106.62,cotton
93.93,50.15,59.04,22.52,37.12,7.33,105.68,cotton
69.9,38.69,53.67,27.7,49.89,7.27,145.01,cotton
81.59,44.8,68.61,27.42,46.15,7.31,95.72,cotton
100.62,38.81,86.26,31.82,55.72,7.52,92.26,cotton
95.8,40.01,69.62,27.04,54.63,6.91,118.04,cotton
99.64,51.78,64.56,23.55,50.49,6.96,87.35,cotton
66.87,57.96,58.89,28.11,57.99,7.0,82.14,cotton
59.32,39.43,70.21,27.91,48.02,6.62,130.74,cotton
88.41,28.84,72.29,32.74,48.15,7.27,80.58,cotton
90.22,41.48,43.76,24.1,60.38,7.23,132.43,cotton
60.56,34.4,68.31,22.18,69.31,6.88,90.53,cotton
81.53,66.16,63.76,27.75,56.86,6.48,101.27,cotton
88.1,48.7,57.06,31.55,50.05,7.12,117.8,cotton
81.33,50.9,65.64,31.46,63.2,7.32,119.91,cotton
101.02,45.87,82.75,32.47,58.59,7.22,76.58,cotton
80.23,35.29,58.92,30.32,36.45,6.93,89.42,cotton
88.83,51.09,74.62,26.49,60.56,6.85,90.0,cotton
82.5,43.95,55.7,23.73,58.22,7.53,98.14,cotton
90.31,46.95,47.56,28.65,59.76,6.92,117.17,cotton
81.73,30.12,64.57,25.59,42.09,6.74,89.92,cotton
88.99,42.92,78.57,32.27,51.45,7.23,90.5,cotton
72.57,42.35,74.63,24.37,55.37,6.71,106.82,cotton
87.21,35.06,54.86,28.25,53.4,7.28,82.51,cotton
92.14,51.42,58.41,26.11,52.83,6.88,73.62,cotton
78.1,48.41,54.64,29.41,62.11,6.92,67.38,cotton
90.03,50.73,51.42,26.34,50.54,7.88,134.62,cotton
90.09,44.18,52.31,35.66,58.5,6.65,115.05,cotton
67.23,29.22,86.5,30.91,57.86,6.46,105.15,cotton
92.24,31.34,63.26,25.39,59.61,6.62,112.33,cotton
89.71,39.96,72.64,27.56,52.72,8.01,102.51,cotton
85.09,36.02,78.41,31.09,59.01,7.24,89.83,cotton
45.81,46.02,46.36,29.99,57.13,7.33,111.37,cotton
98.16,49.9,56.84,27.12,56.71,7.63,119.26,cotton
83.62,33.78,71.94,29.07,57.67,7.21,121.17,cotton
66.29,49.34,63.66,27.35,44.72,6.61,77.9,cotton
72.6,52.17,50.48,27.49,52.17,7.57,86.48,cotton
80.65,42.85,63.01,31.45,52.21,6.5,100.31,cotton
58.3,28.61,47.56,31.25,61.26,7.67,88.28,cotton
69.0,48.29,58.28,24.1,57.34,6.34,86.55,cotton
98.15,45.08,56.21,28.88,40.06,6.94,101.62,cotton
66.27,35.28,89.62,27.63,47.22,6.8,83.19,cotton
73.68,36.95,67.86,26.66,54.85,7.13,91.66,cotton
59.73,32.8,54.34,30.76,59.58,7.28,111.66,cotton
94.95,46.13,50.83,24.96,47.16,6.49,98.94,cotton
61.66,55.16,59.65,19.81,62.58,7.03,103.85,cotton
74.23,39.95,64.51,23.9,63.01,6.91,62.66,cotton
70.99,39.74,58.39,25.12,58.75,6.37,73.11,cotton
61.14,50.01,57.99,29.03,39.85,7.12,102.67,cotton
89.88,44.29,73.4,28.35,61.52,7.11,115.29,cotton
82.61,43.5,54.61,21.32,41.93,7.22,70.68,cotton
72.83,44.42,60.81,25.9,57.91,7.92,121.89,cotton
83.47,38.51,66.96,29.2,53.47,7.06,85.77,cotton
81.66,44.75,50.66,36.58,66.48,6.63,73.18,cotton
81.19,49.26,58.92,28.87,48.09,7.09,161.09,cotton
82.44,47.42,65.41,27.5,55.64,8.14,104.5,cotton
81.88,35.91,63.67,32.13,60.55,7.56,69.3,cotton
75.49,28.84,77.46,27.76,53.97,6.9,100.56,cotton
82.41,41.36,67.42,27.14,55.86,7.64,94.69,cotton
93.97,44.21,60.94,31.09,60.59,7.05,141.98,cotton
57.95,48.55,67.46,26.53,59.48,7.24,103.71,cotton
94.44,44.63,65.81,25.8,66.6,6.89,76.1,cotton
95.88,48.81,71.24,30.75,62.54,7.83,60.56,cotton
65.48,51.91,80.82,30.41,55.25,6.81,106.89,cotton
83.82,55.65,68.51,29.08,61.09,6.03,119.21,cotton
123.91,47.66,67.09,28.38,63.74,5.5,69.72,cotton
91.23,41.13,57.86,21.28,49.1,6.94,93.29,cotton
80.39,32.73,68.3,21.21,52.96,6.77,111.88,cotton
94.41,35.93,58.67,27.58,58.99,7.23,117.76,cotton
89.82,37.78,63.59,31.87,55.06,6.75,94.22,cotton
86.42,35.28,44.7,20.65,63.97,7.09,155.92,cotton
91.04,37.47,41.34,29.11,47.07,7.62,129.47,cotton
88.02,47.21,54.64,27.25,60.58,6.95,86.51,cotton
67.05,36.46,63.51,30.45,54.71,7.12,98.88,cotton
76.23,45.05,76.17,28.5,54.74,7.0,117.15,cotton
92.21,45.68,67.39,29.75,46.83,7.13,151.68,cotton
58.56,46.72,58.58,29.86,51.67,8.03,137.5,cotton
88.35,47.04,50.85,27.28,60.04,7.53,127.69,cotton
84.79,41.95,48.1,29.49,65.86,7.41,93.89,cotton
75.96,47.28,73.77,22.35,53.11,6.51,109.24,cotton
103.24,46.51,47.56,30.09,51.68,7.63,89.35,cotton
52.82,34.46,66.13,28.56,69.58,6.68,124.39,cotton
105.2,47.9,52.91,24.16,72.04,7.3,62.02,cotton
60.73,39.79,49.51,28.56,56.17,6.61,100.86,cotton
85.45,40.3,65.56,30.19,51.35,6.98,98.06,cotton
67.82,26.35,71.64,33.2,54.26,6.07,133.93,cotton
99.59,31.34,73.0,26.66,51.64,6.81,82.33,cotton
58.18,45.55,29.11,30.83,65.59,7.03,112.56,cotton
103.33,33.49,63.29,27.5,47.56,6.98,95.48,cotton
94.8,51.9,60.63,19.53,55.69,7.18,74.47,cotton
76.58,53.04,61.0,31.16,60.6,7.49,103.68,cotton
68.18,49.85,69.52,24.89,62.49,6.66,105.87,cotton
93.47,38.69,49.22,24.15,57.24,7.06,100.47,cotton
84.72,39.2,51.82,25.31,58.08,7.02,100.89,cotton
88.05,28.74,78.9,28.34,58.66,7.62,63.57,cotton
89.12,34.48,73.03,38.5,58.48,6.88,77.34,cotton
85.84,26.47,59.53,26.52,63.87,6.76,107.76,cotton
81.88,52.58,70.85,32.78,47.78,6.76,78.84,cotton
77.72,39.51,49.54,29.1,47.58,7.59,118.6,cotton
76.62,44.9,59.4,31.13,42.89,6.95,101.93,cotton
86.67,50.41,77.9,29.05,58.32,7.78,109.85,cotton
79.02,30.66,61.04,25.84,51.81,7.76,117.44,cotton
93.82,45.61,82.51,32.32,64.95,6.96,123.89,cotton
96.03,37.24,44.5,31.24,57.92,6.4,62.7,cotton
69.55,41.72,60.86,33.83,44.78,7.55,61.52,cotton
81.25,34.95,59.38,25.59,45.38,6.62,98.89,cotton
98.39,33.98,76.31,32.2,63.77,6.36,115.04,cotton
77.41,32.84,78.38,30.0,47.69,6.94,134.24,cotton
86.62,34.89,57.75,30.76,49.4,6.71,94.35,cotton
73.88,41.15,60.33,30.18,52.27,6.92,92.09,cotton
96.87,52.17,68.99,22.24,66.98,7.43,91.19,cotton
95.89,46.66,65.79,24.2,53.69,6.95,114.74,cotton
115.68,41.09,58.07,27.94,57.68,7.0,81.12,cotton
57.0,25.62,68.81,27.94,68.84,7.12,49.92,cotton
67.54,42.33,48.23,29.26,56.23,6.53,62.62,cotton
80.88,41.85,56.78,28.81,47.15,7.54,61.68,cotton
87.19,31.93,68.35,33.37,52.13,7.2,103.68,cotton
55.79,34.81,58.62,32.17,52.91,6.79,92.95,cotton
88.18,29.6,58.49,31.13,65.37,6.4,53.47,cotton
90.35,36.28,58.36,29.39,51.62,6.67,58.47,cotton
87.74,54.7,51.15,28.09,50.27,6.0,107.35,cotton
69.04,41.27,64.28,24.82,56.77,7.37,130.71,cotton
76.9,41.46,55.44,30.61,54.17,6.87,106.94,cotton
101.63,45.35,48.04,29.66,44.76,7.27,115.89,cotton
74.26,42.3,53.05,28.48,54.07,7.59,176.1,cotton
105.64,39.82,71.7,28.14,56.91,6.41,81.34,cotton
88.8,52.68,73.01,28.81,58.3,6.74,66.46,cotton
101.35,52.37,63.28,21.08,53.96,6.37,105.21,cotton
93.46,53.26,70.82,31.96,66.57,6.54,68.0,cotton
76.74,45.32,64.48,28.5,48.71,6.42,105.94,cotton
74.55,43.07,86.17,24.78,46.23,7.14,101.04,cotton
82.41,50.99,78.73,32.92,53.22,6.84,76.64,cotton
77.4,37.39,45.78,22.06,65.98,7.47,123.55,cotton
86.52,41.85,83.51,25.67,64.63,6.06,142.25,cotton
89.6,47.25,71.88,25.52,56.49,7.39,91.86,cotton
77.19,49.46,80.4,31.8,55.93,7.65,111.78,cotton
80.88,53.43,80.69,29.93,49.25,6.38,113.2,cotton
80.26,44.16,94.86,25.84,54.19,7.38,89.76,cotton
88.09,36.7,48.08,26.23,61.74,6.8,74.17,cotton
79.72,29.76,54.68,29.59,51.99,7.2,91.67,cotton
73.7,45.57,56.39,30.73,48.75,7.24,80.9,cotton
87.18,45.72,83.91,34.08,43.12,6.91,106.34,cotton
81.23,42.54,60.83,22.75,59.15,6.72,117.93,cotton
80.8,45.3,69.92,27.86,51.06,7.14,83.92,cotton
82.0,47.41,70.49,26.47,56.35,7.09,108.0,cotton
83.81,39.14,61.21,19.48,51.24,7.56,120.9,cotton
101.82,47.58,44.9,28.29,59.6,6.83,40.69,cotton
48.94,33.8,73.88,31.44,63.07,6.31,112.7,cotton
87.55,43.76,83.17,30.96,54.85,6.36,67.47,cotton
82.49,38.02,81.33,27.76,46.94,6.32,70.1,cotton
71.4,45.79,76.35,27.93,53.87,7.59,126.83,cotton
68.78,47.64,63.05,28.75,60.39,6.95,121.32,cotton
71.9,32.71,61.49,30.28,60.37,6.92,94.16,cotton
65.23,35.93,63.13,30.78,59.73,6.57,82.79,cotton
63.59,23.27,57.07,23.32,63.85,7.11,95.27,cotton
88.89,53.91,58.5,31.46,48.14,7.53,114.61,cotton
74.14,52.99,74.2,24.36,47.1,7.48,89.5,cotton
99.41,55.05,67.66,28.1,53.28,6.97,112.09,cotton
73.85,44.74,53.41,27.58,52.38,6.72,55.93,cotton
87.08,46.81,64.01,27.83,54.47,6.4,113.12,cotton
72.43,39.64,53.85,30.26,49.82,6.31,118.79,cotton
59.18,39.4,51.27,30.72,55.37,6.95,113.0,cotton
59.62,45.83,50.91,27.91,53.98,6.86,130.78,cotton
55.0,55.33,71.02,35.8,48.97,7.37,76.8,cotton
73.51,39.42,76.79,29.99,47.95,7.36,109.11,cotton
88.7,46.38,43.05,28.16,51.84,7.07,107.06,cotton
55.37,56.09,45.55,24.63,59.4,6.15,73.16,cotton
77.61,44.04,36.89,26.92,58.88,6.79,74.09,cotton
74.82,37.18,66.34,25.28,53.72,6.95,71.81,cotton
66.75,43.37,74.98,23.74,62.1,7.25,92.3,cotton
102.39,50.0,60.29,27.04,70.07,6.48,110.53,cotton
80.26,52.78,54.96,26.96,50.02,7.53,94.23,cotton
73.93,46.86,54.87,22.79,52.34,6.57,71.44,cotton
80.5,47.73,73.54,32.71,49.97,6.9,115.53,cotton
85.23,55.67,63.63,26.77,52.22,6.85,96.99,cotton
53.0,34.91,58.95,27.28,60.57,7.22,87.75,cotton
94.3,60.42,72.1,30.78,57.82,7.16,115.91,cotton
77.87,42.85,61.12,26.04,51.11,7.95,134.35,cotton
84.4,37.35,69.48,24.9,54.29,7.71,145.94,cotton
77.16,34.19,65.44,27.8,45.15,6.59,107.97,cotton
84.2,47.61,67.95,34.41,47.99,7.69,129.34,cotton
84.54,33.73,64.01,30.64,63.0,7.16,62.18,cotton
73.72,44.56,59.52,23.59,50.09,6.85,94.52,cotton
67.79,47.67,64.8,30.62,49.85,6.97,85.92,cotton
63.3,39.96,66.72,30.45,55.02,6.75,95.6,cotton
79.98,38.38,70.7,29.13,43.79,6.74,99.41,cotton
71.66,44.52,50.28,29.31,49.22,7.13,113.31,cotton
96.48,42.74,83.74,30.27,66.37,7.03,116.26,cotton
52.48,41.69,57.01,26.05,54.84,6.95,87.26,cotton
63.92,48.97,67.72,29.35,51.56,6.96,46.72,cotton
71.97,36.96,61.38,31.54,50.0,7.03,88.86,cotton
63.28,51.94,58.94,30.32,51.49,6.91,98.43,cotton
86.01,39.32,81.31,23.53,66.02,7.11,82.43,cotton
70.54,38.1,63.61,25.61,59.41,7.05,116.47,cotton
68.71,52.37,98.76,24.84,73.35,7.44,88.59,cotton
87.9,52.75,67.75,27.07,57.45,7.35,116.77,cotton
109.58,44.86,60.41,24.88,64.58,6.43,78.4,cotton
92.9,37.46,60.99,28.12,53.19,6.93,107.6,cotton
66.71,45.33,66.0,31.9,69.63,6.57,129.8,cotton
76.12,37.78,60.65,29.39,58.19,7.67,123.15,cotton
80.97,44.64,51.73,29.98,52.95,6.74,79.54,cotton
93.92,38.88,73.29,18.83,45.95,6.81,83.96,cotton
70.97,43.14,67.51,27.63,53.5,6.88,74.81,cotton
75.68,40.62,49.48,26.16,62.91,7.44,105.99,cotton
67.82,45.8,58.22,26.51,43.21,6.12,113.87,cotton
85.74,52.25,42.27,24.78,47.08,7.51,114.89,cotton
90.75,43.97,66.55,27.26,62.56,6.66,142.33,cotton
98.6,46.16,73.37,31.43,68.4,7.22,95.17,cotton
94.11,38.9,63.56,26.96,50.31,6.44,126.95,cotton
78.3,38.22,57.59,21.94,59.85,6.91,113.43,cotton
60.2,31.63,81.48,28.87,51.61,7.32,123.28,cotton
42.88,57.3,27.76,24.24,63.95,6.76,75.43,soybean
62.21,50.46,31.71,22.8,60.05,6.31,175.35,soybean
22.17,56.52,59.42,27.21,70.79,6.8,106.49,soybean
56.37,60.64,68.58,27.79,71.97,6.47,153.21,soybean
31.67,51.07,52.96,23.07,71.12,7.15,137.82,soybean
57.52,57.3,95.12,28.91,72.43,6.86,87.69,soybean
44.59,42.16,55.64,26.11,61.27,6.6,119.72,soybean
34.58,45.97,61.64,29.41,64.65,7.04,122.18,soybean
42.14,47.75,71.38,30.0,69.81,7.13,112.87,soybean
30.99,65.0,55.5,28.37,70.19,6.76,132.18,soybean
32.35,39.3,73.52,23.57,69.23,7.18,95.74,soybean
40.12,40.64,58.37,28.48,62.31,7.06,94.35,soybean
55.16,55.67,68.36,27.81,63.87,6.34,102.73,soybean
50.19,38.87,60.07,28.99,65.5,6.58,151.32,soybean
43.68,35.55,57.37,26.62,62.56,6.82,84.93,soybean
49.81,44.27,60.16,26.74,66.88,6.72,117.16,soybean
53.07,47.14,61.56,28.07,69.68,6.96,109.18,soybean
45.49,63.86,56.0,24.37,74.51,7.14,145.09,soybean
46.59,45.28,55.42,28.77,66.34,6.82,147.95,soybean
35.48,48.6,66.21,27.14,77.32,6.0,190.25,soybean
30.19,45.57,53.84,25.0,57.5,7.15,144.79,soybean
59.89,63.83,44.73,26.89,69.62,7.11,108.29,soybean
29.22,47.35,66.69,27.67,77.01,6.75,93.27,soybean
39.89,58.12,68.35,23.62,74.13,6.61,141.41,soybean
34.25,46.0,45.6,25.43,67.96,6.98,111.47,soybean
40.24,46.98,68.26,27.02,62.82,6.57,111.11,soybean
56.61,51.27,67.84,26.2,67.95,6.24,82.57,soybean
34.65,37.76,44.79,27.6,72.95,6.88,126.77,soybean
42.18,33.9,56.16,28.67,70.03,6.64,148.35,soybean
27.59,34.8,52.85,28.88,79.62,6.74,122.14,soybean
29.55,43.57,48.26,22.31,58.91,7.03,116.04,soybean
26.67,43.31,41.08,31.67,72.61,7.08,108.13,soybean
18.98,53.28,40.38,27.9,71.49,7.04,146.58,soybean
41.74,44.54,48.46,26.83,74.79,6.9,147.16,soybean
52.2,36.5,44.37,26.97,62.31,6.88,103.78,soybean
47.71,53.77,47.1,25.43,71.07,6.19,107.25,soybean
36.57,68.88,72.23,25.06,73.84,6.78,169.57,soybean
32.89,52.99,60.62,28.2,61.91,6.66,115.6,soybean
46.08,60.5,44.15,25.03,80.4,6.79,100.94,soybean
36.49,59.56,42.97,23.03,56.78,7.27,114.17,soybean
53.5,57.12,46.67,27.43,68.46,6.92,140.93,soybean
33.69,41.14,58.55,23.38,78.1,7.0,107.41,soybean
60.21,40.3,81.08,27.82,70.51,7.12,138.73,soybean
40.13,49.59,52.33,23.2,64.48,6.93,133.58,soybean
32.19,50.23,63.92,28.5,60.81,6.44,127.19,soybean
50.88,61.75,63.36,24.9,62.19,6.26,132.31,soybean
56.04,55.31,48.74,27.54,77.4,6.89,121.74,soybean
43.36,40.39,37.19,26.25,73.56,7.04,80.63,soybean
29.17,42.89,65.76,23.83,78.02,6.97,141.91,soybean
45.22,56.69,62.8,21.49,65.22,7.39,156.46,soybean
48.62,57.48,46.98,23.21,70.66,6.49,100.82,soybean
44.56,50.14,35.58,28.2,65.21,6.86,99.1,soybean
31.72,40.53,38.07,27.25,74.6,6.37,107.76,soybean
21.25,52.25,51.56,24.61,66.95,7.14,154.0,soybean
29.33,39.76,54.25,25.01,76.06,6.17,140.37,soybean
38.86,55.38,35.91,19.87,64.28,6.28,104.68,soybean
39.03,53.99,46.65,28.4,71.16,6.42,139.13,soybean
32.22,54.07,64.25,25.78,75.07,6.26,136.85,soybean
57.83,36.97,47.76,19.79,70.08,7.02,89.49,soybean
38.21,67.99,42.14,24.97,62.68,6.96,135.9,soybean
43.29,56.97,68.24,29.6,74.42,6.51,78.63,soybean
28.49,51.85,52.68,27.76,74.22,6.24,90.1,soybean
22.13,54.81,72.62,23.69,82.03,7.13,159.77,soybean
57.97,51.67,58.85,26.84,66.31,6.98,118.85,soybean
45.62,40.51,46.36,23.85,85.94,6.68,119.01,soybean
28.11,50.94,47.34,24.21,88.49,6.83,74.44,soybean
45.95,54.87,51.42,25.46,72.68,6.92,144.82,soybean
41.37,46.08,29.88,21.41,68.35,6.63,165.92,soybean
23.51,52.08,59.54,25.18,62.02,6.49,107.04,soybean
47.61,49.75,71.03,27.41,67.33,6.76,102.77,soybean
28.03,47.26,61.46,24.13,77.72,6.15,143.38,soybean
39.82,48.37,50.46,26.09,57.48,6.67,154.16,soybean
56.37,52.63,48.23,25.72,68.27,6.67,137.87,soybean
36.35,49.67,48.0,27.43,56.97,6.72,119.66,soybean
49.61,32.35,73.31,24.04,75.5,6.54,140.45,soybean
58.89,32.46,64.64,21.97,68.35,6.96,101.43,soybean
40.43,48.05,74.82,21.01,57.28,6.73,102.72,soybean
42.24,62.25,41.08,27.57,69.45,6.95,99.39,soybean
35.28,49.4,68.14,24.72,78.12,6.83,122.68,soybean
34.89,60.59,62.42,26.52,67.5,6.66,136.96,soybean
30.82,58.07,58.54,27.46,61.64,6.45,137.58,soybean
36.19,53.28,61.73,30.52,75.44,7.19,154.28,soybean
43.56,47.54,68.26,25.26,70.53,6.82,130.88,soybean
37.74,36.91,63.3,26.65,69.09,6.19,113.19,soybean
49.09,43.94,37.0,27.61,70.87,7.0,100.87,soybean
32.81,61.38,46.07,27.15,65.61,6.81,122.1,soybean
23.37,53.45,57.4,23.38,80.55,6.65,159.09,soybean
45.01,44.65,39.08,29.79,71.09,6.92,163.35,soybean
47.09,39.3,70.82,26.26,73.4,6.87,119.86,soybean
31.53,62.98,52.65,29.89,66.42,6.8,145.25,soybean
39.93,60.57,59.91,23.84,72.02,6.33,131.45,soybean
26.57,37.52,81.21,22.83,76.29,6.22,89.78,soybean
41.31,38.48,44.66,23.59,69.76,6.87,147.4,soybean
53.16,53.34,51.46,25.12,69.43,6.04,92.1,soybean
29.87,48.74,54.81,26.61,78.1,6.71,149.38,soybean
36.14,45.64,31.27,20.53,76.93,6.87,159.88,soybean
36.26,52.64,52.13,24.34,85.39,5.93,111.12,soybean
40.0,64.43,44.24,26.12,78.41,6.76,84.53,soybean
34.13,68.22,76.1,24.19,69.99,6.9,133.0,soybean
56.87,63.66,59.34,23.98,72.93,6.07,123.73,soybean
31.9,48.0,49.57,29.58,69.37,6.9,117.67,soybean
39.95,55.46,37.72,29.08,66.09,7.19,125.36,soybean
44.47,48.69,48.94,23.05,81.19,6.7,137.18,soybean
34.99,56.92,31.86,25.27,63.24,6.81,103.82,soybean
38.01,50.83,74.75,28.03,68.79,6.25,133.42,soybean
30.42,39.52,55.05,28.81,71.33,7.1,122.91,soybean
42.57,47.3,54.56,23.22,60.28,7.21,113.16,soybean
37.34,68.0,69.59,26.31,76.61,7.23,100.69,soybean
44.29,48.41,57.63,24.11,70.09,6.89,120.81,soybean
51.33,50.54,52.34,25.13,64.5,6.96,86.31,soybean
42.89,48.81,45.98,24.82,71.55,6.89,148.48,soybean
49.71,61.14,44.18,19.84,62.52,6.62,110.96,soybean
22.97,46.72,45.95,29.37,62.77,7.49,111.77,soybean
47.22,52.74,62.09,29.77,84.83,6.74,114.12,soybean
67.09,44.69,74.56,25.12,73.63,6.76,95.92,soybean
39.42,42.92,60.91,25.81,66.37,6.54,132.97,soybean
40.27,41.89,46.96,25.95,72.71,6.87,100.81,soybean
39.89,58.93,65.05,28.64,54.15,7.08,102.46,soybean
30.32,46.61,52.57,28.29,73.47,6.5,117.92,soybean
35.02,54.4,84.09,23.45,67.25,6.26,140.98,soybean
36.51,39.26,50.97,23.91,64.11,6.78,160.85,soybean
42.82,40.5,56.29,26.96,65.07,6.23,121.83,soybean
35.39,28.93,56.19,26.44,84.47,6.53,136.89,soybean
45.49,59.93,57.77,28.81,63.88,6.49,97.59,soybean
40.71,51.49,56.99,21.01,68.16,7.14,108.84,soybean
32.87,38.44,67.79,25.51,56.48,6.55,123.28,soybean
33.39,41.89,67.15,26.11,72.54,6.76,118.48,soybean
44.29,49.53,52.13,27.7,66.14,6.51,100.91,soybean
25.85,42.87,59.3,26.35,63.18,6.76,98.9,soybean
52.49,45.98,70.18,25.72,68.99,6.58,131.97,soybean
40.66,51.35,59.37,27.01,72.8,6.41,104.97,soybean
48.19,43.05,67.54,24.71,62.86,6.44,120.91,soybean
49.71,57.76,62.95,27.78,79.69,6.86,148.15,soybean
37.38,52.89,33.69,31.99,61.57,6.49,94.58,soybean
32.98,49.77,25.03,26.17,67.81,6.78,159.45,soybean
47.75,42.3,53.81,33.03,68.03,7.42,109.27,soybean
42.66,42.33,56.84,23.67,72.7,6.76,119.6,soybean
40.67,50.76,44.08,25.93,67.57,6.65,138.48,soybean
50.5,39.0,48.34,27.91,77.29,7.25,130.9,soybean
39.67,66.4,55.52,30.44,84.16,6.57,131.62,soybean
50.87,51.19,70.35,27.51,77.04,7.11,148.04,soybean
46.17,35.87,32.93,29.11,65.97,6.22,173.7,soybean
25.97,53.63,54.61,25.7,74.46,6.54,113.59,soybean
30.5,31.46,55.84,28.67,66.06,7.17,138.81,soybean
43.48,42.11,40.17,22.1,68.43,6.63,149.72,soybean
50.39,50.2,43.97,27.12,66.78,6.61,140.63,soybean
21.61,37.01,68.78,27.55,73.37,6.75,144.75,soybean
30.19,44.62,44.09,26.49,64.15,6.82,109.73,soybean
36.35,63.2,68.44,29.37,71.88,7.03,89.28,soybean
34.65,40.84,56.22,27.84,73.07,6.92,98.82,soybean
29.11,45.35,51.37,26.3,61.19,6.17,86.25,soybean
48.51,62.92,62.74,26.98,76.13,6.43,157.93,soybean
37.75,59.11,49.83,27.48,74.12,7.17,145.13,soybean
48.81,41.25,62.51,22.09,70.46,6.26,143.85,soybean
48.57,44.57,71.99,31.24,66.08,6.9,132.85,soybean
31.4,57.72,56.95,32.0,77.76,6.46,125.39,soybean
47.23,39.6,46.15,27.44,55.4,7.13,154.83,soybean
46.35,54.15,61.3,26.67,77.67,6.52,150.04,soybean
47.51,46.92,67.15,25.38,74.95,6.94,130.5,soybean
31.04,34.23,62.44,21.41,62.98,6.11,74.67,soybean
52.75,64.54,47.07,24.36,68.65,7.39,108.42,soybean
60.92,49.34,49.32,26.81,72.25,6.6,104.15,soybean
19.47,50.45,41.98,28.03,66.34,6.48,87.21,soybean
46.65,61.29,84.29,22.16,56.77,6.4,120.51,soybean
29.6,60.17,78.03,25.0,64.0,6.78,120.47,soybean
36.37,62.94,30.31,30.21,72.19,6.53,116.25,soybean
48.38,43.44,50.62,27.77,69.46,6.58,135.29,soybean
47.43,59.27,54.17,26.31,80.67,6.42,83.94,soybean
67.72,67.62,47.01,23.77,74.17,7.03,139.64,soybean
48.67,32.11,65.9,26.44,74.11,6.57,101.8,soybean
35.9,39.81,45.04,27.5,75.12,6.8,113.97,soybean
36.86,54.39,68.3,24.18,72.12,6.93,73.7,soybean
52.42,38.22,63.29,33.23,69.17,6.59,123.38,soybean
33.78,40.46,72.86,27.23,72.93,6.86,109.66,soybean
28.28,54.74,75.35,31.02,56.32,6.62,147.82,soybean
41.54,41.41,42.27,26.97,72.57,6.7,109.67,soybean
34.0,52.02,36.57,24.68,71.1,7.17,134.31,soybean
43.99,53.13,65.56,28.82,71.2,7.08,71.97,soybean
35.79,32.04,73.61,29.39,76.31,7.2,85.22,soybean
44.86,55.84,54.23,29.78,72.83,6.45,160.49,soybean
41.38,59.12,77.1,24.92,63.26,6.47,85.21,soybean
33.98,42.14,38.34,32.9,67.25,6.07,116.3,soybean
19.77,58.77,51.15,22.33,68.44,7.1,106.98,soybean
44.84,46.52,71.12,24.94,67.33,6.64,115.43,soybean
52.98,54.93,43.56,28.47,79.71,6.06,121.48,soybean
41.41,56.24,59.38,24.0,65.49,6.72,112.66,soybean
45.0,37.04,81.5,25.29,86.75,6.8,169.32,soybean
47.52,43.49,45.69,26.26,65.61,7.26,147.14,soybean
40.45,35.33,43.55,27.48,68.39,6.45,173.78,soybean
30.55,62.85,61.41,23.08,68.93,6.77,120.34,soybean
51.12,42.56,45.56,27.31,64.83,6.75,128.41,soybean
45.27,34.14,61.91,26.62,57.92,6.8,101.93,soybean
41.28,41.57,59.77,26.4,67.91,6.59,141.07,soybean
35.85,44.01,37.48,27.89,68.99,6.78,171.84,soybean
43.87,71.92,61.05,22.47,81.9,6.53,147.39,soybean
42.12,61.54,51.6,30.1,71.64,6.64,138.65,soybean
40.65,41.43,29.26,24.77,55.13,6.17,138.77,soybean
42.74,58.8,62.64,28.42,73.48,6.54,155.5,soybean
39.85,36.03,49.71,31.16,57.39,6.85,132.61,soybean
36.61,64.21,55.05,19.25,66.88,6.59,91.39,soybean
34.87,65.61,67.23,26.55,61.57,6.8,123.03,soybean
48.68,56.21,47.41,25.43,74.21,6.58,135.67,soybean
31.32,56.23,47.34,32.15,64.68,6.86,101.13,soybean
32.81,58.32,39.78,24.77,72.73,6.88,87.7,soybean
37.09,49.97,75.46,24.93,69.63,6.66,189.79,soybean
39.32,46.62,35.85,26.19,79.33,6.6,128.37,soybean
26.32,39.62,43.24,27.07,71.3,6.97,92.75,soybean
57.88,59.71,57.69,26.49,73.73,6.5,127.17,soybean
42.34,52.75,49.71,21.32,67.0,6.89,116.12,soybean
41.27,40.14,66.14,23.68,73.99,6.89,134.29,soybean
37.04,52.86,57.61,21.88,74.45,6.94,150.88,soybean
40.11,59.87,70.2,28.26,71.44,6.72,90.83,soybean
30.61,48.08,54.44,30.05,63.03,6.6,125.27,soybean
44.88,42.38,44.54,25.81,65.63,6.15,138.89,soybean
39.96,46.21,46.94,28.55,69.02,6.36,105.07,soybean
30.96,56.53,62.02,27.07,60.77,6.38,169.99,soybean
49.67,54.83,48.61,30.18,67.65,6.33,126.89,soybean
38.93,50.62,47.88,25.12,71.03,6.27,127.66,soybean
24.49,56.29,74.69,19.95,76.28,6.42,101.71,soybean
39.73,52.03,54.05,27.45,69.34,6.66,96.89,soybean
57.98,38.05,80.94,23.63,59.62,6.85,59.93,onion
82.8,49.03,81.19,22.24,62.39,6.93,66.73,onion
96.44,45.7,79.02,27.95,58.26,6.63,98.26,onion
57.98,48.47,83.57,25.3,67.15,6.3,68.24,onion
85.88,51.08,63.44,20.38,62.98,6.77,89.13,onion
86.46,51.3,77.9,19.24,51.98,7.09,81.95,onion
77.1,50.87,69.61,22.79,61.36,7.19,80.81,onion
82.47,41.46,76.74,25.77,62.59,7.17,111.08,onion
86.01,58.15,94.75,22.86,56.69,6.78,61.03,onion
73.98,44.99,70.9,16.25,73.67,6.71,81.39,onion
84.36,53.92,51.44,23.15,63.79,6.78,95.39,onion
92.42,50.13,53.15,29.01,65.55,6.3,86.57,onion
60.13,58.76,75.09,25.89,58.68,6.4,73.09,onion
65.17,36.04,72.59,21.82,76.19,7.07,87.41,onion
84.12,42.65,64.79,21.02,58.42,6.77,95.75,onion
82.52,35.37,81.96,29.53,69.0,6.97,54.86,onion
91.82,50.88,94.28,21.04,51.75,6.9,112.63,onion
49.73,44.7,56.19,20.06,59.27,6.1,84.86,onion
88.39,39.57,78.92,28.8,64.0,6.8,54.53,onion
90.04,40.92,83.2,25.81,58.79,6.73,84.81,onion
60.14,42.69,74.47,25.26,70.27,6.55,90.36,onion
77.69,41.0,68.7,22.26,64.05,7.14,95.76,onion
67.54,36.28,76.66,15.6,61.78,7.12,71.56,onion
106.52,50.27,90.14,20.9,73.28,7.02,76.41,onion
94.39,36.11,64.1,21.17,62.79,6.28,106.65,onion
96.55,46.62,58.08,19.9,76.67,6.92,99.57,onion
91.15,43.5,78.3,22.63,55.9,6.42,59.42,onion
92.04,44.75,30.38,23.27,60.25,6.1,111.63,onion
73.09,52.09,89.19,27.23,51.65,5.9,99.7,onion
103.98,49.35,84.08,9.89,59.73,6.69,73.25,onion
76.42,44.28,31.09,22.13,56.28,7.07,58.73,onion
66.5,40.78,90.38,26.95,67.23,6.63,104.67,onion
103.12,37.07,81.6,27.84,64.7,6.64,113.55,onion
74.24,37.63,62.2,25.36,56.46,6.85,65.3,onion
56.19,46.62,39.99,26.44,52.13,6.24,66.98,onion
95.75,49.41,63.77,24.14,60.71,6.83,75.32,onion
87.15,46.37,60.0,24.34,47.39,6.08,102.58,onion
71.24,42.94,74.15,25.11,63.98,6.45,91.16,onion
95.39,48.47,86.18,17.73,74.54,6.12,96.44,onion
69.23,39.55,66.54,19.76,63.33,6.81,102.18,onion
63.87,40.9,93.67,20.49,65.68,6.52,137.03,onion
69.38,43.66,69.21,22.97,58.62,6.48,89.39,onion
51.83,46.53,76.9,26.79,58.87,5.95,66.98,onion
88.61,40.21,69.87,25.09,67.77,6.44,146.93,onion
97.64,37.61,89.16,25.06,66.28,7.15,80.68,onion
75.39,44.06,77.59,25.42,71.78,7.02,78.75,onion
69.58,42.53,70.9,22.85,55.15,6.38,92.22,onion
57.96,45.98,53.25,29.61,64.75,6.71,79.95,onion
95.95,52.52,60.77,18.15,57.24,6.93,65.47,onion
60.37,35.69,46.13,20.81,70.12,6.56,70.82,onion
73.41,32.89,69.34,21.93,59.5,6.05,73.2,onion
72.95,52.28,47.31,21.07,70.71,6.92,103.03,onion
92.8,54.03,74.56,19.35,61.8,6.55,64.18,onion
86.63,31.85,77.72,18.57,62.54,6.74,56.9,onion
78.76,59.55,72.13,23.47,54.21,6.04,85.63,onion
81.2,46.89,58.02,25.12,69.82,6.87,74.44,onion
72.54,54.95,58.67,21.57,64.95,6.74,82.69,onion
78.78,41.13,43.44,20.14,59.89,6.48,83.15,onion
74.94,51.63,87.91,24.91,66.26,6.39,81.88,onion
71.68,35.82,66.49,22.78,60.47,6.91,103.53,onion
45.59,42.34,69.69,22.15,63.52,7.1,86.95,onion
59.79,45.89,50.29,20.12,58.52,7.26,93.78,onion
71.62,44.13,41.04,18.75,62.78,7.4,105.05,onion
100.16,49.06,66.9,25.47,57.51,6.57,82.49,onion
102.11,41.19,69.47,20.31,55.29,7.22,108.04,onion
59.94,36.62,83.03,20.05,54.58,6.72,100.27,onion
68.64,39.79,58.05,22.17,57.06,6.93,104.81,onion
47.54,38.01,80.5,14.43,68.92,6.64,65.9,onion
85.58,35.01,64.16,22.94,56.82,6.74,108.61,onion
88.52,39.23,66.42,18.44,62.19,6.89,74.91,onion
83.34,44.87,73.44,25.88,69.55,6.71,98.38,onion
69.21,53.04,56.95,27.25,79.46,6.36,85.65,onion
78.06,38.34,70.44,28.34,61.02,6.46,90.9,onion
68.06,44.15,41.69,25.93,60.33,7.1,63.13,onion
74.76,54.93,60.68,26.35,60.19,6.15,119.31,onion
79.56,37.08,49.15,24.39,63.6,7.07,121.91,onion
88.06,43.1,52.81,29.18,67.02,6.77,76.28,onion
56.25,48.59,75.73,21.25,62.51,6.94,77.25,onion
67.21,42.38,56.99,15.06,52.24,7.24,93.19,onion
76.32,38.09,70.71,24.35,71.86,6.64,112.14,onion
95.99,52.98,72.89,21.22,67.11,6.45,76.88,onion
74.83,37.3,76.26,24.93,68.55,7.09,82.12,onion
77.28,46.73,69.41,22.17,58.84,6.12,120.76,onion
74.76,39.79,66.32,21.98,53.97,6.82,71.45,onion
93.96,55.29,74.53,20.99,71.96,6.86,81.22,onion
76.12,55.18,50.01,21.08,63.59,6.35,107.76,onion
82.7,45.24,69.04,22.03,66.57,6.55,61.51,onion
52.41,38.58,75.48,22.09,61.18,6.65,83.38,onion
76.33,53.65,73.79,20.12,69.44,6.45,96.26,onion
77.03,43.11,95.8,20.64,62.84,6.76,74.28,onion
74.3,43.51,83.57,22.38,51.74,6.86,70.68,onion
85.02,50.78,53.59,24.76,60.77,6.34,67.61,onion
72.54,41.59,57.15,17.62,56.74,7.11,62.12,onion
85.3,58.78,72.25,21.35,63.43,6.85,94.14,onion
60.44,38.03,100.23,22.71,65.62,6.56,78.26,onion
58.56,54.66,74.29,19.0,68.62,6.67,98.43,onion
95.14,42.72,66.55,20.15,54.93,7.02,103.89,onion
88.04,47.42,66.2,17.64,59.68,7.22,57.36,onion
74.94,54.25,59.63,19.43,69.09,7.38,93.97,onion
97.39,34.07,83.75,20.3,73.67,7.14,93.39,onion
59.38,39.34,70.8,22.05,54.67,7.08,57.62,onion
97.96,48.56,68.29,20.85,59.23,6.54,50.97,onion
92.43,39.0,83.29,27.29,71.36,7.08,88.25,onion
108.38,49.85,54.0,21.85,58.45,6.93,67.37,onion
97.54,38.61,74.35,23.55,62.5,6.01,94.14,onion
60.13,42.67,71.86,23.51,59.42,6.13,68.48,onion
94.98,51.22,40.93,24.44,69.29,6.85,82.22,onion
91.39,50.28,67.96,21.71,58.23,6.79,73.06,onion
76.23,40.9,61.25,21.34,61.95,6.52,69.91,onion
78.92,38.48,53.69,21.57,62.15,7.06,76.41,onion
83.09,39.87,60.98,20.94,70.77,6.27,85.01,onion
83.82,44.77,45.05,22.87,63.44,7.34,91.65,onion
78.0,45.31,58.83,19.45,66.41,6.78,55.15,onion
60.91,44.87,43.44,21.37,72.02,6.91,96.81,onion
81.04,52.42,84.41,20.39,65.92,7.24,80.28,onion
70.11,45.65,52.67,23.03,53.26,6.52,61.2,onion
85.17,46.08,88.7,18.45,58.45,6.7,71.49,onion
79.98,47.46,63.2,21.28,52.03,6.52,77.05,onion
71.33,51.85,84.24,19.24,63.48,6.5,75.52,onion
69.64,50.78,56.52,25.41,59.01,6.83,107.93,onion
86.48,44.04,81.09,25.88,63.06,6.5,106.95,onion
84.14,47.64,89.94,17.55,55.98,6.81,78.74,onion
109.41,43.52,76.1,19.56,68.38,6.87,80.85,onion
67.56,31.92,63.79,27.12,74.63,6.32,109.91,onion
62.37,45.63,48.69,27.93,64.83,6.73,52.12,onion
51.32,51.13,73.97,23.49,69.4,7.06,109.13,onion
72.68,37.78,67.4,25.85,64.39,6.95,68.68,onion
71.17,39.71,61.11,25.0,60.2,7.35,101.76,onion
71.72,33.1,98.22,18.87,61.11,6.38,98.55,onion
72.23,40.96,57.62,17.59,58.22,6.58,91.74,onion
59.57,51.72,50.84,20.91,64.14,6.48,122.11,onion
54.32,47.75,75.92,18.75,55.96,6.86,112.28,onion
82.07,39.46,81.23,22.23,69.16,7.21,64.85,onion
78.64,51.62,49.69,24.17,67.92,6.77,69.04,onion
54.71,40.61,71.57,26.31,55.67,6.93,82.87,onion
74.99,53.41,85.75,18.75,51.59,6.96,65.55,onion
83.47,44.04,72.62,23.06,58.77,6.99,104.2,onion
67.69,33.52,70.12,25.31,67.44,6.89,82.92,onion
60.33,48.51,91.17,27.93,71.45,7.1,103.94,onion
79.5,44.24,61.57,21.04,55.02,5.91,102.17,onion
101.83,44.59,66.58,18.25,47.19,6.92,65.58,onion
75.44,57.19,70.95,24.93,60.76,6.51,64.35,onion
87.06,45.26,88.45,22.41,59.61,6.62,81.74,onion
71.23,35.56,86.31,25.16,58.04,6.48,69.58,onion
88.66,52.04,58.1,15.98,67.17,6.9,89.37,onion
98.65,41.44,63.55,15.82,56.14,7.13,88.59,onion
103.93,47.61,60.73,25.16,59.51,7.11,88.36,onion
67.25,54.25,73.92,23.8,62.05,6.74,96.07,onion
54.37,47.29,86.63,19.1,51.52,6.6,81.08,onion
75.99,39.51,59.53,19.62,66.31,7.52,72.4,onion
83.55,49.63,46.96,24.41,51.59,6.34,92.26,onion
83.97,48.73,86.73,22.96,56.71,7.08,101.56,onion
74.51,40.54,80.4,24.75,58.61,6.71,96.35,onion
81.89,36.51,45.12,22.66,59.62,6.79,48.53,onion
78.85,46.92,60.09,31.04,56.95,6.3,112.74,onion
86.52,50.98,91.91,23.2,65.07,6.5,33.22,onion
102.08,54.16,62.57,21.29,67.78,6.73,83.08,onion
84.22,53.88,64.51,15.29,54.89,6.76,48.36,onion
73.39,37.94,83.53,16.65,59.05,6.32,106.74,onion
57.66,46.32,54.58,24.31,54.23,6.33,56.25,onion
56.47,49.43,65.91,23.76,58.14,6.6,67.34,onion
103.11,61.77,69.59,18.84,68.68,6.96,52.58,onion
68.54,51.14,68.47,15.49,74.33,7.1,135.65,onion
59.32,40.54,46.65,18.84,64.32,6.35,102.19,onion
101.55,48.11,53.34,21.77,53.65,6.42,74.8,onion
81.09,47.16,81.36,20.6,64.24,6.49,69.75,onion
80.52,48.48,66.15,21.53,60.11,6.94,76.13,onion
83.47,47.6,65.24,21.59,53.17,6.55,98.45,onion
81.87,47.54,76.68,23.24,67.41,6.81,54.24,onion
57.96,44.34,53.34,22.14,67.09,6.71,76.88,onion
80.2,38.5,55.43,25.0,71.06,6.66,121.13,onion
87.0,47.88,82.39,23.98,59.61,6.9,104.98,onion
55.43,52.66,90.57,22.1,67.14,7.09,73.63,onion
79.54,49.9,56.08,19.56,62.34,6.55,104.65,onion
93.47,35.59,70.18,31.48,67.04,6.84,108.56,onion
76.1,58.17,81.88,25.58,46.79,6.79,111.66,onion
89.37,39.07,49.89,26.17,67.31,6.26,75.0,onion
71.74,37.68,86.08,22.2,61.84,6.53,115.05,onion
76.55,40.06,62.57,23.21,55.81,6.42,78.67,onion
85.67,51.0,57.27,22.87,76.61,6.69,62.5,onion
53.25,54.65,85.9,20.62,50.42,7.07,100.24,onion
79.46,36.25,85.54,29.31,52.02,7.15,74.21,onion
67.67,52.08,66.6,19.74,66.39,6.41,65.87,onion
75.46,45.12,70.16,19.14,67.59,7.24,65.75,onion
103.21,47.09,69.14,23.74,62.81,6.76,107.97,onion
71.48,42.99,61.74,20.81,63.88,6.74,64.4,onion
101.96,46.05,66.97,21.67,62.87,7.03,63.11,onion
67.65,52.09,75.81,25.36,67.27,6.84,103.0,onion
80.38,48.06,91.92,18.04,55.94,7.32,93.7,onion
66.69,49.32,64.97,23.44,62.45,7.16,80.25,onion
82.45,39.8,83.13,21.65,50.49,6.72,102.51,onion
101.87,40.01,62.53,20.63,62.53,6.15,92.6,onion
110.86,46.92,80.01,20.14,55.75,6.93,91.04,onion
97.85,45.26,56.73,23.18,59.56,6.94,105.13,onion
88.68,48.15,49.23,24.19,67.69,6.43,57.6,onion
100.44,56.51,76.18,22.98,68.42,6.46,93.36,onion
75.43,45.32,77.05,26.87,61.26,6.58,99.47,onion
71.92,52.44,73.91,16.15,64.82,6.92,116.73,onion
85.6,40.2,67.65,27.18,58.83,5.95,108.54,onion
72.9,48.3,67.01,22.39,60.77,6.82,65.32,onion
77.26,45.25,40.11,25.0,62.74,6.94,51.99,onion
74.7,34.18,64.05,23.9,66.44,6.78,91.38,onion
78.31,52.93,48.03,17.59,58.76,7.16,66.26,onion
83.93,53.73,98.29,15.95,62.28,6.9,84.2,onion
82.84,52.03,90.93,23.33,53.5,7.33,77.97,onion
55.88,54.34,68.54,21.92,63.07,7.27,70.66,onion
81.24,37.88,67.75,17.23,51.97,6.93,64.05,onion
76.91,34.12,67.67,27.25,62.07,7.07,92.83,onion
76.93,54.85,70.2,24.12,62.53,6.62,62.99,onion
81.62,50.55,84.44,25.43,59.83,6.88,69.35,onion
73.59,32.09,66.95,18.0,61.55,6.32,41.77,onion
73.6,48.04,74.99,26.33,67.85,6.72,81.99,onion
63.49,34.6,68.26,26.54,57.96,6.39,97.59,onion
60.61,41.3,71.45,21.26,62.83,6.78,84.89,onion
92.29,42.53,78.16,24.36,64.68,6.54,112.16,onion
109.66,33.55,68.85,24.55,58.0,6.59,73.08,onion
95.64,46.37,56.05,19.16,63.42,6.93,97.58,onion
45.74,44.6,75.81,25.01,69.41,6.74,80.85,onion
77.21,52.3,59.65,26.92,65.59,6.45,65.38,onion
85.96,55.76,90.13,23.57,65.66,6.98,80.37,onion
92.12,64.26,79.53,24.38,72.32,6.38,83.16,tomato
98.58,59.86,80.59,19.89,69.15,6.53,99.91,tomato
107.21,59.5,72.3,20.29,66.1,6.23,59.15,tomato
89.59,61.02,65.86,20.7,77.79,6.58,92.02,tomato
90.36,56.96,80.46,22.81,67.13,6.97,72.9,tomato
108.07,60.78,82.46,24.33,52.07,6.45,117.16,tomato
81.46,62.88,72.17,22.18,68.07,6.56,77.83,tomato
92.69,55.85,93.53,19.91,73.92,6.4,67.7,tomato
62.55,66.03,96.32,24.02,62.0,6.52,89.77,tomato
73.78,69.18,67.21,20.44,77.74,6.05,83.21,tomato
88.34,58.51,77.88,24.89,70.05,6.5,102.48,tomato
105.57,70.07,80.93,18.95,65.12,6.24,80.26,tomato
76.7,40.33,83.62,20.37,74.69,6.35,68.63,tomato
108.14,55.52,105.89,25.49,67.13,6.17,53.38,tomato
100.82,69.42,114.22,21.54,60.91,6.76,41.83,tomato
98.17,51.53,75.77,24.12,57.8,6.23,107.16,tomato
90.25,66.0,61.03,25.23,71.0,7.02,68.1,tomato
121.63,61.49,87.44,23.66,60.21,6.51,64.7,tomato
109.65,59.92,79.96,25.93,62.03,6.24,110.22,tomato
104.68,72.24,73.18,23.2,70.35,6.52,66.14,tomato
92.43,55.58,69.97,19.05,68.63,6.67,85.57,tomato
70.26,57.76,85.19,27.19,72.16,6.56,45.08,tomato
108.48,62.27,117.04,22.3,58.72,6.51,80.26,tomato
96.56,64.43,79.31,23.98,71.51,6.06,84.83,tomato
107.75,53.09,100.78,17.89,59.68,6.33,77.19,tomato
80.39,65.16,91.64,21.85,74.95,6.54,67.18,tomato
87.68,64.46,78.25,23.84,67.2,6.4,72.27,tomato
102.49,54.5,69.86,21.05,62.31,6.19,80.63,tomato
89.86,53.11,65.54,23.46,73.78,6.45,75.33,tomato
81.96,51.18,58.42,26.85,56.45,6.56,85.92,tomato
101.85,61.4,73.65,22.74,80.7,6.35,67.07,tomato
97.56,62.82,76.08,23.84,79.01,6.54,87.46,tomato
95.05,65.98,102.27,24.93,68.42,6.59,50.65,tomato
109.95,65.77,111.89,24.51,70.61,6.31,74.74,tomato
106.49,75.28,85.47,22.06,67.74,6.54,67.63,tomato
63.85,62.65,83.23,24.25,59.12,6.35,62.0,tomato
107.22,61.22,80.52,23.88,63.24,6.41,82.72,tomato
96.45,49.69,80.52,23.11,76.6,6.9,91.12,tomato
87.09,74.15,68.57,25.98,65.75,6.64,103.22,tomato
102.78,69.5,75.03,24.92,58.06,6.48,99.32,tomato
110.25,56.28,120.92,24.03,69.68,6.35,59.37,tomato
85.18,66.57,123.4,28.26,70.97,6.16,92.29,tomato
98.96,69.16,79.33,21.86,75.18,6.32,62.94,tomato
80.17,45.22,103.79,22.52,69.65,6.09,44.65,tomato
90.01,52.03,102.08,25.79,70.13,6.81,97.55,tomato
93.72,50.99,89.45,29.01,59.06,6.46,53.58,tomato
112.09,49.36,74.9,24.65,79.56,6.49,73.05,tomato
100.39,61.59,81.32,22.51,68.29,6.41,92.2,tomato
89.7,59.13,86.42,24.52,75.28,6.9,103.48,tomato
108.08,64.41,73.4,23.53,69.22,6.45,63.02,tomato
75.51,68.21,91.68,24.97,56.95,6.55,98.85,tomato
110.65,59.81,82.52,22.91,73.88,6.25,78.56,tomato
88.74,49.78,114.81,27.05,65.13,6.8,57.86,tomato
102.19,46.72,42.92,23.08,68.21,6.67,78.65,tomato
103.9,53.52,74.27,25.9,61.45,6.65,53.63,tomato
94.55,73.4,59.89,22.78,77.14,6.61,93.86,tomato
102.96,58.21,86.8,23.49,65.8,6.47,85.04,tomato
117.33,63.17,117.35,23.13,60.83,6.58,106.78,tomato
86.09,77.31,74.33,19.71,65.02,6.56,73.99,tomato
99.05,57.0,96.35,25.01,67.22,6.67,70.65,tomato
81.65,66.55,109.29,23.48,67.21,6.77,102.75,tomato
94.4,50.69,89.46,22.49,79.02,6.65,75.54,tomato
122.36,64.67,61.13,23.78,74.53,6.86,100.67,tomato
83.27,85.49,84.79,23.43,71.56,6.48,59.34,tomato
109.51,51.49,62.49,26.17,60.91,7.04,106.17,tomato
81.75,67.59,115.98,24.64,66.83,6.95,61.99,tomato
108.93,51.48,98.41,25.66,63.01,6.57,65.75,tomato
113.1,64.24,77.12,24.13,55.38,6.55,98.65,tomato
74.18,54.26,101.89,24.89,74.29,6.56,78.36,tomato
95.48,68.94,84.93,30.35,65.82,6.44,87.52,tomato
91.0,62.73,86.48,22.3,68.53,6.6,62.62,tomato
79.23,56.95,81.69,21.8,57.06,6.59,68.04,tomato
119.87,64.0,88.13,26.51,70.32,6.39,67.59,tomato
86.65,52.04,62.98,28.12,67.25,6.78,70.56,tomato
97.3,62.11,54.23,27.28,71.63,6.29,79.49,tomato
97.46,61.17,85.48,28.78,80.22,6.69,100.11,tomato
81.23,64.71,98.69,17.06,73.67,6.72,78.41,tomato
105.81,70.16,75.56,23.11,56.77,6.39,52.32,tomato
74.82,70.51,66.87,20.08,63.79,6.63,60.9,tomato
120.25,53.65,65.63,25.12,64.3,6.16,72.78,tomato
96.57,75.9,117.0,25.68,67.59,6.52,83.96,tomato
124.35,64.49,109.03,23.85,70.13,6.26,68.35,tomato
92.74,48.6,94.87,26.33,63.9,6.22,100.86,tomato
112.53,60.49,90.12,21.75,62.48,6.62,65.24,tomato
117.4,56.27,94.38,23.42,66.23,6.32,111.91,tomato
89.93,54.49,75.14,23.55,71.5,6.38,95.85,tomato
81.47,68.86,78.66,22.76,73.34,6.47,84.12,tomato
103.62,69.89,49.36,17.29,64.95,6.31,98.64,tomato
108.4,54.99,68.89,29.33,72.64,6.27,71.43,tomato
86.51,51.95,94.73,28.96,69.01,6.43,64.19,tomato
77.17,43.39,69.08,23.11,77.29,6.53,81.17,tomato
70.95,49.82,83.9,24.79,56.3,6.72,87.31,tomato
77.79,53.44,81.1,26.35,69.2,6.26,84.67,tomato
107.98,71.69,87.38,26.63,72.46,6.49,57.16,tomato
119.6,71.11,122.85,22.63,63.01,6.86,82.23,tomato
101.21,47.4,83.58,19.98,68.79,7.02,100.85,tomato
113.56,43.86,89.46,24.94,63.43,6.25,80.66,tomato
126.15,53.42,88.92,21.58,72.77,6.26,96.98,tomato
99.68,68.61,64.98,21.62,70.73,6.58,101.92,tomato
60.62,57.36,84.53,20.66,71.21,6.75,62.22,tomato
124.82,60.2,75.63,22.71,59.01,6.66,66.82,tomato
82.3,67.75,64.81,26.59,66.19,6.08,81.32,tomato
109.38,58.55,77.14,18.7,69.24,6.18,83.85,tomato
73.76,66.79,86.73,29.28,74.31,6.41,85.29,tomato
90.95,68.43,90.15,22.59,67.73,6.8,43.53,tomato
75.37,70.18,71.88,26.39,64.79,6.37,70.68,tomato
84.89,59.67,74.31,26.02,77.32,6.86,93.66,tomato
107.53,57.35,90.91,22.67,69.12,6.86,113.42,tomato
100.15,63.99,91.04,26.96,75.13,6.39,102.89,tomato
99.82,58.8,90.79,25.19,69.72,6.38,61.78,tomato
84.52,56.03,98.12,31.16,56.43,6.52,73.25,tomato
96.44,64.35,79.48,26.51,58.89,6.81,83.72,tomato
116.08,52.7,76.4,20.22,67.43,6.15,116.4,tomato
87.41,60.04,80.65,22.97,78.82,6.41,100.43,tomato
98.15,70.59,108.87,24.97,71.58,6.53,94.7,tomato
113.88,47.61,104.98,22.81,54.74,6.33,66.61,tomato
73.49,56.97,69.55,29.4,67.15,6.44,76.18,tomato
112.9,57.68,72.75,23.82,63.84,6.37,87.74,tomato
80.7,52.58,69.44,24.69,67.91,6.21,97.02,tomato
97.67,56.46,93.78,22.54,62.13,6.52,68.92,tomato
122.83,61.85,78.98,20.8,66.64,6.64,70.31,tomato
94.55,59.92,69.92,26.28,67.36,6.25,51.31,tomato
99.52,48.19,87.64,26.03,65.48,6.27,53.15,tomato
106.93,65.31,68.33,25.51,66.29,6.65,88.67,tomato
111.64,68.99,89.82,20.24,68.73,6.69,90.76,tomato
80.5,44.51,78.88,28.09,66.26,6.3,79.21,tomato
67.94,49.7,100.09,28.37,71.39,6.98,112.41,tomato
106.54,52.62,107.22,26.74,78.67,6.88,58.01,tomato
87.25,53.71,97.26,27.56,67.47,6.43,64.17,tomato
116.86,66.3,61.23,22.97,61.97,6.33,68.08,tomato
112.57,37.26,88.2,19.26,70.2,6.46,34.38,tomato
109.22,58.0,75.33,24.88,67.54,6.49,84.89,tomato
112.63,72.75,87.41,29.65,68.42,6.12,87.85,tomato
96.53,63.86,123.13,24.78,69.08,6.36,71.61,tomato
91.59,41.96,92.52,29.01,68.72,6.62,90.74,tomato
79.99,63.64,110.16,26.68,66.08,6.06,98.78,tomato
78.23,69.63,75.59,24.28,62.21,6.91,69.28,tomato
106.59,66.6,76.01,21.79,73.67,6.53,74.55,tomato
80.51,76.24,87.44,21.03,60.33,6.67,72.95,tomato
74.57,57.7,88.33,22.26,68.61,6.09,81.48,tomato
120.11,51.29,85.96,25.28,71.22,6.44,80.81,tomato
120.13,49.56,82.65,25.92,72.76,6.83,64.56,tomato
121.47,66.23,98.93,22.43,61.77,6.67,97.61,tomato
93.42,61.08,80.26,24.98,68.59,6.05,56.9,tomato
95.95,66.17,94.14,29.25,63.57,6.61,70.08,tomato
121.01,63.07,87.48,23.82,63.11,6.43,92.74,tomato
115.24,61.81,78.31,25.72,63.96,6.66,55.95,tomato
76.28,74.64,90.84,32.19,75.48,6.44,95.66,tomato
90.82,65.34,70.48,28.77,56.31,6.35,69.08,tomato
101.39,51.26,66.2,26.63,65.14,6.2,74.03,tomato
65.75,60.54,84.49,27.85,70.08,6.52,58.4,tomato
102.57,64.02,81.94,25.2,68.13,6.24,109.29,tomato
92.21,57.01,93.62,22.52,55.77,6.54,88.54,tomato
113.37,52.39,57.56,21.31,63.2,6.46,81.93,tomato
79.06,47.23,85.19,24.24,71.25,6.69,98.03,tomato
77.05,60.26,110.64,29.19,61.06,6.62,76.21,tomato
116.41,52.07,81.37,23.03,60.39,6.42,77.28,tomato
86.17,50.35,102.28,20.31,63.94,6.64,99.11,tomato
84.68,54.37,75.34,22.29,52.03,6.32,50.72,tomato
74.64,64.89,75.19,26.01,58.79,6.56,62.99,tomato
119.21,55.46,63.7,22.61,70.2,6.69,79.9,tomato
80.45,57.07,104.79,24.38,64.34,6.19,60.13,tomato
89.36,49.46,114.62,25.94,56.97,6.76,66.96,tomato
100.26,61.87,97.25,20.26,66.54,6.58,74.65,tomato
93.62,70.85,84.19,23.6,70.7,6.74,73.61,tomato
93.52,60.81,68.19,22.45,56.93,6.88,85.28,tomato
98.19,69.46,85.53,22.29,65.0,6.54,59.03,tomato
104.94,50.77,92.72,21.95,72.29,6.47,85.69,tomato
85.94,56.51,59.45,28.13,67.95,6.17,58.19,tomato
113.3,73.73,92.37,29.46,63.28,6.53,98.72,tomato
116.98,79.09,88.51,20.34,76.05,6.36,70.82,tomato
119.34,64.4,92.83,23.39,61.5,6.89,86.02,tomato
98.39,58.2,58.0,30.25,72.62,6.92,74.21,tomato
116.46,56.01,61.5,19.03,70.8,6.5,77.52,tomato
94.38,58.28,79.08,21.3,71.51,6.65,74.39,tomato
63.83,70.37,74.19,26.66,69.81,6.63,69.67,tomato
101.87,68.43,67.12,23.4,62.96,6.5,93.8,tomato
98.08,59.58,54.42,26.88,73.45,6.6,48.04,tomato
92.94,72.38,67.04,23.91,60.18,6.62,91.76,tomato
111.68,60.63,105.38,24.09,72.26,6.64,61.71,tomato
84.73,47.19,90.5,21.12,63.56,6.43,75.62,tomato
76.57,48.98,86.55,22.81,66.05,6.66,81.21,tomato
87.96,71.41,79.15,25.06,67.14,6.77,90.92,tomato
85.33,53.56,82.92,26.52,68.99,6.69,66.35,tomato
104.79,61.01,105.26,24.82,67.61,6.88,86.19,tomato
118.58,76.03,71.7,28.68,63.47,6.73,103.89,tomato
104.39,68.75,102.14,23.78,69.87,6.68,109.78,tomato
100.06,47.65,72.71,24.02,63.77,6.28,97.34,tomato
103.64,48.92,75.71,26.17,70.6,6.36,45.72,tomato
124.32,56.34,79.09,24.23,58.31,6.03,88.78,tomato
84.58,79.66,58.43,23.47,58.24,6.38,61.01,tomato
113.13,49.84,95.44,21.54,73.31,6.33,104.29,tomato
78.2,60.54,75.94,26.59,68.7,6.57,90.27,tomato
85.33,57.4,98.54,20.13,69.61,6.59,73.08,tomato
90.68,64.3,99.34,23.03,69.52,6.24,60.24,tomato
117.09,45.29,73.78,21.06,64.46,6.6,62.96,tomato
100.3,44.74,109.19,22.01,67.87,6.34,88.3,tomato
115.54,63.8,100.9,21.36,67.21,6.58,75.02,tomato
78.24,54.86,62.5,20.17,57.56,6.23,86.92,tomato
87.79,57.47,102.07,20.83,71.51,6.49,72.04,tomato
84.6,86.33,58.91,23.88,71.31,6.43,97.82,tomato
105.53,51.3,81.86,17.84,69.5,6.53,80.33,tomato
105.19,66.35,82.32,25.22,69.64,6.43,96.01,tomato
90.08,62.18,78.88,21.43,66.67,6.34,77.66,tomato
81.33,50.96,88.04,22.95,76.63,6.35,86.43,tomato
99.78,59.83,94.39,21.63,68.21,6.76,71.11,tomato
113.77,65.51,94.89,23.77,61.04,6.63,86.27,tomato
84.61,59.28,81.58,23.39,63.95,6.38,73.68,tomato
111.77,45.28,101.86,27.33,64.31,6.58,131.37,tomato
97.63,73.96,93.37,20.92,64.82,6.53,102.48,tomato
108.56,59.01,63.14,26.74,70.69,6.89,50.74,tomato
102.1,66.91,104.21,25.96,69.0,6.79,64.54,tomato
92.24,75.72,105.25,23.08,60.05,6.7,84.78,tomato
108.9,61.57,96.14,28.58,74.19,6.71,77.08,tomato
97.49,75.47,111.55,26.98,64.8,6.79,78.45,tomato
63.86,57.43,78.11,24.21,67.13,6.74,109.46,tomato
84.0,49.76,89.38,25.92,70.23,6.23,102.42,tomato
126.51,63.39,93.46,17.47,53.83,6.57,80.03,tomato
94.86,68.61,78.08,24.61,66.03,6.08,76.57,tomato
97.41,62.16,105.88,19.14,67.95,6.35,81.31,tomato
47.27,51.56,44.41,28.61,55.97,7.19,116.28,groundnut
29.46,40.99,56.74,28.82,57.0,7.46,105.54,groundnut
39.04,43.44,50.55,27.0,66.25,6.65,98.31,groundnut
18.57,41.25,54.67,28.27,70.63,6.55,87.33,groundnut
38.27,38.59,41.6,27.13,59.35,6.53,124.27,groundnut
33.09,50.93,51.63,28.1,67.43,6.67,103.85,groundnut
38.68,37.15,39.73,25.24,64.32,6.96,96.83,groundnut
23.92,49.57,57.05,26.18,61.93,6.4,94.7,groundnut
56.42,53.8,46.44,24.78,69.16,6.63,104.39,groundnut
28.67,45.52,55.37,26.83,64.58,6.07,150.72,groundnut
37.81,52.97,32.75,28.67,59.18,6.96,92.02,groundnut
33.69,56.7,57.03,25.98,69.92,6.71,82.92,groundnut
35.85,50.45,51.62,25.06,75.39,6.65,127.57,groundnut
17.85,37.68,44.61,29.41,73.28,6.59,73.65,groundnut
26.03,47.13,60.18,26.96,66.13,6.46,83.12,groundnut
34.03,45.26,56.92,28.61,61.66,6.44,109.33,groundnut
40.38,44.93,44.06,28.65,68.52,7.04,91.67,groundnut
29.25,50.45,64.38,29.53,67.02,7.02,110.26,groundnut
33.29,51.01,33.51,29.97,47.89,6.48,119.7,groundnut
42.74,39.73,31.08,25.1,71.56,6.68,81.15,groundnut
24.74,50.92,49.09,25.34,63.87,6.81,106.47,groundnut
36.26,58.52,34.94,27.15,70.85,6.45,125.74,groundnut
36.93,56.83,65.4,25.58,65.18,6.8,118.19,groundnut
31.68,58.46,58.59,23.5,71.43,7.01,57.48,groundnut
27.46,61.97,42.72,24.57,65.36,6.43,100.69,groundnut
33.32,46.95,45.94,28.9,51.21,6.81,75.59,groundnut
28.83,49.37,42.82,26.88,60.45,6.33,142.2,groundnut
26.76,45.28,45.81,28.61,56.65,6.85,101.72,groundnut
32.85,51.11,61.21,29.82,63.21,6.7,111.97,groundnut
33.02,44.97,68.03,27.81,63.06,6.67,107.57,groundnut
36.83,55.63,53.99,24.67,63.53,6.23,105.75,groundnut
38.71,38.83,58.13,31.51,62.21,6.65,81.98,groundnut
35.45,53.65,55.82,30.35,68.51,6.78,66.28,groundnut
34.88,49.03,48.19,27.44,70.69,6.89,98.69,groundnut
41.12,41.81,62.29,25.83,73.23,6.6,106.1,groundnut
27.37,49.11,47.95,26.91,57.22,7.04,126.0,groundnut
30.58,50.21,38.4,27.63,68.62,7.24,100.99,groundnut
37.93,47.86,48.28,26.98,65.57,6.46,124.91,groundnut
22.43,22.52,43.85,32.51,49.1,6.99,126.06,groundnut
29.36,44.74,60.41,25.88,67.8,6.39,90.74,groundnut
17.73,45.73,56.28,26.31,64.65,6.98,99.4,groundnut
40.32,38.32,43.5,27.78,65.81,6.13,118.22,groundnut
13.7,27.84,38.84,27.99,61.0,6.99,131.27,groundnut
40.33,51.3,45.14,23.56,68.71,6.67,62.81,groundnut
37.56,60.64,34.17,28.12,59.5,6.74,107.2,groundnut
45.91,60.4,53.67,29.28,62.36,6.79,98.04,groundnut
43.58,46.28,34.68,27.68,80.56,6.46,93.85,groundnut
32.64,50.23,51.48,26.36,54.28,6.79,99.44,groundnut
28.83,45.17,59.96,26.01,64.88,6.43,81.82,groundnut
43.87,51.28,57.38,28.61,71.38,6.99,118.89,groundnut
43.49,58.32,51.66,30.68,60.76,6.96,55.65,groundnut
32.54,47.38,62.19,24.35,65.11,6.54,87.85,groundnut
38.53,50.41,40.08,24.06,68.08,6.55,137.29,groundnut
43.68,33.25,34.15,26.4,63.74,6.69,71.03,groundnut
33.75,52.56,49.05,28.05,69.69,6.89,99.73,groundnut
34.45,51.67,34.67,27.88,60.51,6.72,61.88,groundnut
48.53,46.96,52.37,25.81,58.25,7.06,103.81,groundnut
38.49,46.99,51.26,27.87,56.14,6.88,98.56,groundnut
37.06,47.0,53.74,27.29,61.12,6.18,91.69,groundnut
38.24,42.51,57.5,22.96,60.27,6.96,121.56,groundnut
36.14,37.07,59.3,25.84,59.95,6.83,112.39,groundnut
34.12,46.29,58.82,26.3,64.02,6.55,131.7,groundnut
41.03,50.29,47.84,25.98,64.11,6.62,87.1,groundnut
36.01,56.42,55.42,27.57,62.4,6.44,75.55,groundnut
48.18,41.34,53.72,31.37,61.1,6.62,152.9,groundnut
41.84,50.36,57.9,26.74,74.75,6.53,106.88,groundnut
29.39,41.16,42.65,28.11,71.69,6.96,81.22,groundnut
31.15,48.76,42.36,29.94,72.11,6.91,96.83,groundnut
40.51,50.08,41.81,29.32,61.27,6.71,132.5,groundnut
28.08,51.13,50.94,26.84,57.08,6.44,51.9,groundnut
44.6,38.59,47.6,28.94,64.17,6.98,107.57,groundnut
28.38,47.97,59.08,30.34,55.65,6.68,103.12,groundnut
35.11,55.82,48.19,22.9,63.43,6.72,135.31,groundnut
31.42,50.87,60.98,26.01,73.44,6.77,98.25,groundnut
36.18,57.06,48.09,24.42,70.95,6.89,93.31,groundnut
35.02,49.11,48.03,30.97,68.18,6.36,85.55,groundnut
35.71,34.94,51.73,25.97,57.16,6.76,130.07,groundnut
35.47,47.0,49.53,28.72,67.92,6.53,97.19,groundnut
32.5,37.86,49.95,24.47,58.3,6.71,97.71,groundnut
42.11,42.63,58.2,30.85,66.8,7.4,102.39,groundnut
33.19,45.36,48.08,29.93,66.98,7.08,77.42,groundnut
32.78,47.28,33.17,24.68,56.41,6.2,109.04,groundnut
32.24,42.73,50.14,30.26,51.65,6.32,82.81,groundnut
36.69,40.0,47.17,26.94,71.29,6.92,89.9,groundnut
36.12,52.01,36.25,26.71,66.62,7.15,135.89,groundnut
39.67,39.99,57.86,34.6,62.77,6.77,118.76,groundnut
30.82,43.75,53.35,26.64,63.31,6.99,135.81,groundnut
32.8,39.81,46.68,23.55,72.24,6.92,44.36,groundnut
30.7,46.64,61.87,32.52,59.63,7.1,92.21,groundnut
39.65,43.81,41.89,30.44,73.53,7.09,75.06,groundnut
34.13,53.58,45.64,30.57,67.68,7.44,87.46,groundnut
42.99,44.59,51.82,25.05,74.87,6.91,110.98,groundnut
29.59,54.63,31.39,20.4,52.9,6.49,143.14,groundnut
34.2,41.45,33.05,20.52,60.57,7.56,122.76,groundnut
33.52,42.11,45.68,30.49,69.09,6.36,116.09,groundnut
44.5,52.86,45.49,26.43,67.99,6.79,103.6,groundnut
31.53,44.94,59.05,28.64,63.89,6.77,99.93,groundnut
44.72,41.07,72.77,28.12,66.92,6.76,118.72,groundnut
26.77,44.95,46.41,27.39,63.39,6.3,93.19,groundnut
30.11,43.33,44.75,27.4,66.08,7.02,55.72,groundnut
36.16,43.78,64.43,28.2,63.03,7.04,100.31,groundnut
38.6,57.24,48.53,29.07,68.25,6.62,63.49,groundnut
23.93,46.61,44.15,25.87,72.81,6.63,110.86,groundnut
26.28,36.86,40.02,30.98,53.4,7.06,53.12,groundnut
31.98,40.81,36.46,24.08,59.0,6.76,78.25,groundnut
26.94,43.64,43.36,30.33,71.63,6.65,93.18,groundnut
31.27,45.49,71.38,27.13,71.57,6.6,111.87,groundnut
36.53,36.81,39.77,24.5,70.48,6.84,94.15,groundnut
33.5,45.0,43.78,29.54,62.52,6.32,126.06,groundnut
37.73,51.21,43.63,26.06,59.77,6.69,72.88,groundnut
31.24,45.6,57.22,27.82,67.04,6.68,71.47,groundnut
36.61,46.01,40.51,24.52,66.17,6.46,105.88,groundnut
26.56,41.96,37.89,29.96,62.15,7.83,76.3,groundnut
34.85,49.82,62.11,25.11,60.26,6.88,100.78,groundnut
36.31,40.82,65.23,27.01,66.53,7.02,111.67,groundnut
37.77,48.83,52.71,27.35,66.35,6.94,63.82,groundnut
40.66,42.85,52.27,23.0,58.32,6.88,116.72,groundnut
30.78,44.42,62.41,23.2,58.22,6.5,119.56,groundnut
21.17,57.9,55.47,25.55,72.7,6.51,109.68,groundnut
39.79,41.66,48.91,23.96,63.1,6.68,123.17,groundnut
22.88,41.7,37.21,30.47,65.36,7.12,120.08,groundnut
35.5,39.34,36.1,30.04,63.4,6.98,102.68,groundnut
36.82,40.38,44.18,30.87,58.35,7.09,103.62,groundnut
31.85,49.8,39.5,26.17,76.47,6.6,112.52,groundnut
30.79,36.57,49.64,27.14,58.05,6.92,56.85,groundnut
36.38,35.36,57.04,33.93,67.85,6.21,113.99,groundnut
36.59,32.07,31.52,28.15,67.76,6.49,90.52,groundnut
41.19,40.96,46.36,25.23,68.98,7.13,100.17,groundnut
42.82,40.15,62.16,31.07,60.94,6.25,82.33,groundnut
40.37,42.27,41.45,26.53,59.75,6.59,35.42,groundnut
34.3,42.0,65.5,24.97,67.56,7.14,65.16,groundnut
33.92,42.03,38.03,29.51,56.25,7.13,101.81,groundnut
33.55,46.69,61.72,26.03,56.17,7.21,107.38,groundnut
38.64,40.74,58.14,27.34,58.84,6.41,87.64,groundnut
40.18,48.97,51.91,29.24,72.13,6.5,120.79,groundnut
29.11,47.74,44.95,28.4,49.56,7.11,79.29,groundnut
26.41,44.82,47.78,29.42,51.08,7.04,121.39,groundnut
42.79,43.8,65.1,26.68,74.49,7.1,79.33,groundnut
36.37,42.13,40.43,28.08,65.8,6.13,128.98,groundnut
42.03,40.53,45.54,28.74,69.54,6.34,71.67,groundnut
33.62,46.7,55.2,23.76,81.48,7.26,93.82,groundnut
44.44,40.29,37.32,23.11,62.77,6.93,73.41,groundnut
41.95,42.64,39.34,28.68,64.26,6.05,94.46,groundnut
37.84,36.68,47.32,29.66,70.01,6.53,65.64,groundnut
38.58,38.31,40.94,27.35,59.23,6.73,107.44,groundnut
41.47,38.1,51.99,26.54,67.99,7.02,105.64,groundnut
27.05,41.81,41.96,25.74,75.58,6.97,102.33,groundnut
28.64,47.7,59.03,28.72,55.74,6.52,123.33,groundnut
22.69,47.97,56.91,25.78,68.51,6.26,147.41,groundnut
26.56,63.33,48.52,30.09,69.84,6.56,108.99,groundnut
31.03,46.62,53.35,28.89,65.6,6.89,110.55,groundnut
31.05,39.8,37.88,28.64,61.01,6.21,110.0,groundnut
44.29,45.32,43.31,21.6,58.8,6.81,104.82,groundnut
46.12,40.35,45.74,31.55,63.97,6.7,104.29,groundnut
29.52,39.12,55.51,31.2,70.59,6.09,105.98,groundnut
34.79,41.85,46.24,25.7,57.06,6.24,71.85,groundnut
37.85,45.11,31.9,24.39,68.45,6.55,155.42,groundnut
40.26,46.13,58.23,30.41,58.5,7.08,116.34,groundnut
37.42,45.58,49.54,30.16,59.55,6.65,73.2,groundnut
32.74,47.09,61.54,29.1,60.29,7.18,140.99,groundnut
26.34,48.6,44.33,28.35,65.4,6.35,71.44,groundnut
39.36,43.56,54.14,28.82,58.57,6.32,112.6,groundnut
37.6,44.62,35.16,25.22,70.64,6.32,100.52,groundnut
27.37,37.59,48.31,30.45,69.35,6.87,111.88,groundnut
26.44,43.71,54.06,27.7,69.65,6.72,75.53,groundnut
32.09,55.08,43.83,27.45,58.08,6.45,93.29,groundnut
36.45,55.37,69.77,25.9,70.01,7.03,39.13,groundnut
46.21,47.51,52.31,23.08,67.43,6.47,119.19,groundnut
42.92,54.39,51.49,27.95,72.83,6.98,103.19,groundnut
32.53,49.64,48.18,29.36,63.24,6.6,91.45,groundnut
36.16,54.84,48.6,27.7,58.78,7.44,81.83,groundnut
31.77,54.02,44.82,33.29,66.18,6.67,75.44,groundnut
48.27,43.15,39.75,29.49,57.55,6.19,90.77,groundnut
27.96,31.22,39.33,26.28,74.57,7.09,89.96,groundnut
27.67,49.64,52.27,28.58,69.01,6.53,115.43,groundnut
42.81,48.83,40.76,23.94,64.98,6.58,105.48,groundnut
35.17,37.41,36.77,27.35,65.78,6.35,90.84,groundnut
41.38,42.32,38.53,31.54,69.35,7.38,66.45,groundnut
46.04,43.57,35.65,28.7,63.48,6.62,97.12,groundnut
27.13,43.38,50.04,25.11,56.91,6.69,97.19,groundnut
28.54,38.77,56.22,29.12,51.03,6.15,100.24,groundnut
44.57,41.61,53.9,24.42,69.24,6.36,99.58,groundnut
34.25,49.2,52.61,26.47,79.33,6.73,79.13,groundnut
31.28,51.36,62.7,28.6,57.9,6.6,77.65,groundnut
29.66,45.6,59.02,28.02,63.79,6.56,112.82,groundnut
38.15,55.22,41.35,29.63,67.92,7.09,92.14,groundnut
27.85,39.72,58.06,26.69,68.22,6.45,94.77,groundnut
29.57,43.94,52.19,28.78,67.48,6.37,91.54,groundnut
22.16,49.98,48.34,25.12,65.72,7.1,116.01,groundnut
39.6,55.72,44.33,24.79,69.9,6.79,83.65,groundnut
33.36,38.64,44.46,29.18,64.15,7.27,126.74,groundnut
28.78,46.76,48.68,28.36,58.93,6.41,129.3,groundnut
25.0,45.16,53.3,28.08,67.17,7.14,82.32,groundnut
33.91,51.57,37.55,23.85,57.37,6.89,91.84,groundnut
42.0,34.49,51.18,27.68,73.37,7.5,70.86,groundnut
25.13,46.11,58.67,30.63,69.9,6.85,100.69,groundnut
22.9,38.42,45.03,30.49,66.07,6.65,77.95,groundnut
30.92,48.73,45.33,25.24,63.84,6.35,57.45,groundnut
37.0,39.84,67.15,29.41,66.9,6.24,48.18,groundnut
36.42,41.56,40.04,28.21,63.0,6.65,121.87,groundnut
37.42,39.39,51.3,23.15,63.77,7.05,157.61,groundnut
37.88,41.25,40.69,31.2,64.08,6.81,96.72,groundnut
41.87,49.46,49.73,29.88,65.65,6.81,155.1,groundnut
33.9,51.61,58.44,25.01,55.62,6.67,99.94,groundnut
26.59,44.8,43.67,22.94,61.53,7.06,129.96,groundnut
35.67,47.77,58.77,24.76,60.47,6.21,124.41,groundnut
33.11,47.89,51.36,26.28,66.11,6.53,100.18,groundnut
29.68,42.12,59.49,25.44,56.36,7.03,81.17,groundnut
41.54,45.48,47.53,30.14,64.83,6.79,90.64,groundnut
28.2,55.44,55.09,28.68,59.04,6.66,87.79,groundnut
44.57,34.07,54.28,25.2,65.62,7.14,98.27,groundnut
45.71,56.49,34.18,28.84,61.55,6.79,126.14,groundnut
32.25,39.09,51.69,27.12,64.65,6.97,61.01,groundnut
24.28,42.79,45.86,29.17,58.66,6.76,143.04,groundnut
31.54,45.86,56.24,27.92,63.32,6.58,79.85,groundnut
46.67,47.37,46.74,24.13,71.02,6.88,92.32,groundnut
29.69,50.22,56.04,26.4,68.32,6.87,113.61,groundnut
36.68,53.89,55.13,27.17,77.48,7.44,108.38,groundnut
36.17,39.59,49.97,25.69,66.68,6.24,152.28,groundnut
29.92,54.88,41.6,26.63,64.32,6.63,97.3,groundnut
162.52,59.26,150.31,26.95,79.42,7.04,157.39,sugarcane
155.76,71.87,104.71,24.51,89.11,7.92,164.0,sugarcane
142.32,52.12,148.56,30.7,71.72,7.33,214.26,sugarcane
193.01,51.43,101.48,26.3,91.77,7.01,228.38,sugarcane
157.64,41.02,77.03,23.77,71.94,7.59,185.09,sugarcane
127.12,58.32,107.55,33.04,76.56,6.29,189.73,sugarcane
156.37,57.14,133.78,26.29,75.84,7.11,197.74,sugarcane
128.78,69.58,90.86,28.3,81.1,7.56,151.58,sugarcane
155.71,62.02,106.74,24.78,68.63,6.61,118.97,sugarcane
106.89,61.52,92.99,30.6,76.26,6.84,132.01,sugarcane
154.25,53.43,83.7,25.06,76.31,7.05,124.87,sugarcane
132.04,64.94,112.42,23.11,76.62,7.33,128.77,sugarcane
177.77,55.24,107.4,24.67,79.59,6.79,128.1,sugarcane
147.98,73.28,114.68,28.35,70.92,6.71,199.52,sugarcane
200,59.96,112.58,26.1,79.16,6.41,246.95,sugarcane
147.01,63.58,109.23,28.86,75.38,7.69,179.74,sugarcane
169.29,44.25,127.42,33.71,74.84,6.58,146.81,sugarcane
150.18,51.98,93.12,26.31,70.56,7.27,162.19,sugarcane
113.51,62.44,130.71,30.36,72.63,6.23,214.77,sugarcane
127.63,79.27,103.52,23.31,80.28,7.42,266.71,sugarcane
161.14,64.96,106.48,24.96,74.28,7.78,83.87,sugarcane
118.69,56.75,95.31,32.44,90.19,7.13,171.58,sugarcane
116.31,46.16,117.53,24.84,71.34,7.43,202.44,sugarcane
134.94,56.97,109.7,23.72,76.25,7.05,114.07,sugarcane
127.94,56.04,85.39,23.28,72.96,6.96,107.62,sugarcane
181.03,55.53,59.22,34.3,71.61,7.26,170.06,sugarcane
143.58,52.77,84.79,28.36,75.82,6.98,208.08,sugarcane
200,46.53,84.78,30.0,79.65,6.78,156.03,sugarcane
159.69,81.72,104.8,27.36,84.98,6.5,147.52,sugarcane
171.27,74.43,113.13,33.04,81.22,6.92,156.86,sugarcane
138.89,59.13,90.07,25.44,74.35,6.72,138.35,sugarcane
199.17,44.86,88.69,35.3,75.04,6.95,217.79,sugarcane
160.76,53.98,84.05,21.46,70.04,6.24,135.88,sugarcane
124.53,62.87,86.05,25.06,69.72,6.95,161.78,sugarcane
179.9,61.43,94.39,24.33,78.86,7.43,179.44,sugarcane
136.42,58.22,113.14,29.45,63.5,6.87,105.44,sugarcane
148.03,67.25,109.77,19.85,75.15,7.14,145.69,sugarcane
154.81,66.22,80.43,24.8,67.3,6.85,110.26,sugarcane
134.85,49.38,105.51,22.83,82.71,7.55,156.92,sugarcane
168.62,59.35,82.21,23.84,70.85,6.25,188.16,sugarcane
153.03,55.32,107.35,30.2,85.05,6.87,163.93,sugarcane
156.92,28.27,137.53,22.77,82.72,6.96,197.87,sugarcane
174.58,53.02,96.95,34.75,75.65,6.85,140.76,sugarcane
150.92,57.02,150.33,23.07,75.41,7.19,181.18,sugarcane
138.86,70.39,91.13,28.29,66.06,7.27,219.19,sugarcane
141.4,41.3,81.39,25.01,79.21,7.27,183.15,sugarcane
177.82,58.62,78.37,29.12,87.26,6.59,207.01,sugarcane
156.19,53.83,98.82,30.55,74.26,7.13,190.62,sugarcane
183.92,55.24,104.91,28.61,84.75,6.51,184.65,sugarcane
144.87,57.86,151.76,23.59,74.13,7.24,121.87,sugarcane
144.44,50.86,78.96,28.22,66.34,6.84,165.57,sugarcane
117.42,44.69,104.48,28.29,70.97,6.81,141.82,sugarcane
150.59,56.92,139.11,25.36,77.58,7.07,213.67,sugarcane
141.67,62.41,138.0,25.53,74.89,7.33,159.2,sugarcane
173.09,56.68,127.68,28.43,75.88,6.32,182.8,sugarcane
153.96,71.44,72.2,29.72,88.16,7.39,194.71,sugarcane
153.36,60.31,115.68,22.91,73.05,7.22,185.27,sugarcane
135.38,63.27,109.26,28.53,69.15,6.85,241.83,sugarcane
132.53,49.03,125.15,26.6,70.54,6.49,193.63,sugarcane
180.17,62.2,100.12,32.09,78.97,7.01,143.85,sugarcane
131.51,49.03,110.22,27.41,79.6,7.06,230.64,sugarcane
164.09,75.09,96.9,32.37,64.02,6.43,169.48,sugarcane
153.77,67.18,113.58,27.96,75.24,6.93,186.78,sugarcane
150.86,69.63,124.83,29.42,69.77,7.01,184.43,sugarcane
155.3,50.61,145.84,29.57,83.51,7.92,76.75,sugarcane
162.43,59.22,91.06,26.82,62.49,7.42,130.74,sugarcane
161.38,57.39,117.87,27.22,85.55,7.9,147.07,sugarcane
129.49,65.25,122.35,30.86,78.96,7.45,164.0,sugarcane
157.48,45.45,110.46,26.96,75.74,7.0,191.25,sugarcane
159.75,42.13,72.35,29.19,79.75,7.16,149.42,sugarcane
124.2,59.8,100.47,23.97,87.67,6.85,173.65,sugarcane
151.53,53.81,105.81,28.16,73.6,6.87,190.65,sugarcane
157.07,63.4,101.48,31.5,81.35,6.79,145.34,sugarcane
142.36,62.57,109.57,21.79,76.34,6.37,232.33,sugarcane
129.89,59.79,77.08,26.74,73.01,6.88,180.64,sugarcane
162.06,71.37,97.67,31.36,77.51,7.73,213.75,sugarcane
174.54,51.31,71.21,26.71,73.32,7.4,144.05,sugarcane
161.34,48.29,108.54,37.42,81.37,7.73,216.39,sugarcane
122.27,66.3,115.0,30.53,83.82,6.68,166.09,sugarcane
97.13,59.17,106.9,22.89,86.98,7.31,179.4,sugarcane
114.34,62.86,108.84,26.5,68.35,7.43,186.15,sugarcane
143.17,63.97,118.55,28.34,66.53,7.5,132.05,sugarcane
114.96,68.11,66.54,20.43,74.31,6.45,207.5,sugarcane
157.2,57.52,104.14,27.9,65.78,6.92,142.67,sugarcane
130.82,57.75,121.26,27.53,67.3,6.7,176.42,sugarcane
118.43,69.06,130.28,28.76,83.89,7.8,186.65,sugarcane
166.94,42.23,109.66,29.12,72.92,7.08,158.85,sugarcane
163.27,61.43,113.17,31.47,82.34,7.22,229.45,sugarcane
138.21,74.51,89.34,23.83,82.07,7.05,193.27,sugarcane
133.26,49.77,126.15,32.69,82.58,6.88,159.68,sugarcane
154.3,68.7,101.41,28.02,80.48,6.99,151.68,sugarcane
120.88,64.08,97.17,26.34,74.44,7.01,175.51,sugarcane
98.06,79.75,113.92,24.19,80.01,7.22,218.41,sugarcane
166.55,64.34,95.32,27.71,78.89,7.37,140.96,sugarcane
132.44,57.22,83.45,30.8,70.3,7.49,131.49,sugarcane
152.64,52.02,115.72,27.69,82.87,6.92,213.44,sugarcane
144.64,60.82,127.06,28.43,81.88,7.42,116.71,sugarcane
142.17,66.94,92.0,28.71,82.33,7.25,179.97,sugarcane
195.98,62.35,122.83,28.21,81.45,7.03,171.99,sugarcane
134.33,71.22,93.7,35.02,81.98,7.18,189.56,sugarcane
183.71,69.26,103.8,28.03,82.89,7.45,198.73,sugarcane
138.08,70.9,125.16,25.78,80.77,7.71,170.22,sugarcane
134.16,50.28,127.3,25.87,76.92,7.04,200.32,sugarcane
155.09,53.26,87.67,24.3,71.92,7.7,180.64,sugarcane
135.81,71.29,107.21,30.15,73.76,6.95,193.66,sugarcane
152.09,55.55,71.7,27.47,81.15,6.66,139.14,sugarcane
200,74.73,67.38,24.27,61.56,7.08,145.47,sugarcane
136.34,62.09,96.55,29.17,72.85,7.37,167.23,sugarcane
157.05,56.43,101.57,23.54,71.56,7.67,187.11,sugarcane
153.67,86.96,103.5,22.32,68.52,6.06,178.46,sugarcane
135.23,60.42,76.5,28.16,77.89,6.61,227.55,sugarcane
152.63,49.71,114.32,31.34,68.03,6.51,141.74,sugarcane
116.18,75.12,111.63,26.37,68.2,7.37,157.09,sugarcane
200,59.97,129.97,33.09,58.22,6.75,183.77,sugarcane
94.33,70.34,122.29,23.75,74.47,6.75,180.79,sugarcane
143.07,61.15,76.4,31.54,76.19,6.83,247.71,sugarcane
189.62,70.69,78.06,22.27,75.75,6.83,151.41,sugarcane
141.05,80.01,80.94,28.24,65.82,6.73,201.53,sugarcane
149.27,63.14,140.01,20.27,80.86,7.61,188.32,sugarcane
171.71,51.31,92.28,27.52,76.86,6.7,188.08,sugarcane
168.98,72.33,101.38,28.66,60.9,6.17,143.96,sugarcane
175.87,68.57,126.58,31.47,86.48,7.15,171.19,sugarcane
189.27,60.84,64.23,28.14,73.39,6.83,117.05,sugarcane
157.99,46.95,120.11,31.99,74.72,6.38,275.27,sugarcane
171.7,57.45,102.11,26.22,81.13,6.8,190.77,sugarcane
157.64,55.46,91.45,20.36,83.29,6.38,138.02,sugarcane
168.96,57.94,125.86,27.94,71.59,6.85,229.26,sugarcane
128.43,67.52,130.62,25.27,61.73,6.54,205.12,sugarcane
161.57,58.29,110.45,30.45,71.66,6.5,158.07,sugarcane
168.91,58.22,65.3,26.91,71.78,7.31,188.31,sugarcane
146.51,72.77,114.21,19.98,75.57,7.31,183.03,sugarcane
118.37,67.6,108.54,23.93,72.68,7.28,167.81,sugarcane
134.59,59.62,146.44,26.92,72.07,6.75,145.71,sugarcane
169.54,62.73,76.07,35.94,75.12,7.01,149.17,sugarcane
125.2,54.45,117.95,29.84,79.37,6.47,157.18,sugarcane
144.87,47.84,69.89,31.22,82.02,6.11,157.07,sugarcane
150.21,58.25,117.7,27.66,72.55,7.38,145.95,sugarcane
146.74,78.71,97.33,29.05,71.27,7.38,174.99,sugarcane
136.05,61.07,84.42,25.53,68.96,6.75,185.44,sugarcane
121.63,60.9,66.12,25.79,81.47,7.1,213.49,sugarcane
187.19,45.0,88.69,30.04,77.92,6.67,177.86,sugarcane
181.44,60.11,103.14,24.33,83.44,6.66,183.97,sugarcane
152.14,44.38,124.12,34.83,72.3,7.66,196.04,sugarcane
130.13,56.35,110.79,28.29,67.32,6.63,170.58,sugarcane
141.74,52.48,90.76,28.28,67.29,6.16,238.04,sugarcane
162.11,56.57,85.09,26.69,82.57,7.47,67.96,sugarcane
168.5,44.92,110.92,25.12,77.35,7.2,231.62,sugarcane
133.99,57.05,82.19,28.18,76.8,6.64,169.56,sugarcane
143.68,76.61,152.68,30.0,81.27,7.13,191.18,sugarcane
188.88,67.12,107.03,25.44,74.36,8.02,101.05,sugarcane
118.13,76.79,107.5,29.38,77.42,6.92,254.63,sugarcane
168.19,54.53,79.33,23.5,69.99,7.18,168.17,sugarcane
154.88,54.88,114.93,27.15,82.18,6.85,210.72,sugarcane
137.4,69.58,109.96,25.97,65.56,6.46,215.02,sugarcane
150.87,55.56,110.87,27.51,85.99,6.6,158.84,sugarcane
150.59,75.22,123.45,27.46,61.67,7.22,156.65,sugarcane
130.65,52.02,89.22,28.17,73.21,7.32,179.1,sugarcane
165.89,69.28,105.61,27.24,71.29,6.94,185.53,sugarcane
162.41,51.0,97.64,30.12,80.83,7.13,160.5,sugarcane
153.43,47.1,83.16,25.53,60.62,6.91,116.79,sugarcane
159.24,63.74,117.1,27.93,76.5,6.8,163.3,sugarcane
148.67,68.31,86.82,34.19,66.2,6.83,167.42,sugarcane
152.16,63.61,86.25,28.46,70.34,6.62,195.66,sugarcane
170.84,59.68,101.71,27.2,75.69,6.96,187.65,sugarcane
147.75,74.84,74.43,29.3,69.33,7.04,157.52,sugarcane
143.4,60.26,84.72,30.86,64.23,7.36,218.57,sugarcane
167.23,60.52,117.69,26.22,70.67,6.5,218.12,sugarcane
144.79,73.33,104.05,22.38,79.8,8.0,230.64,sugarcane
177.15,62.38,113.64,33.28,85.89,7.17,244.27,sugarcane
127.34,61.95,112.41,28.24,77.76,7.34,223.23,sugarcane
161.34,67.93,139.97,27.79,69.83,7.77,164.54,sugarcane
156.85,65.72,90.16,26.11,78.36,7.08,214.73,sugarcane
182.58,66.73,123.71,25.51,72.38,7.39,252.94,sugarcane
158.79,71.54,74.07,28.42,82.87,6.82,172.75,sugarcane
150.78,47.19,83.92,30.17,76.68,7.06,163.98,sugarcane
84.27,68.33,71.11,23.47,73.28,6.77,138.53,sugarcane
200,45.48,102.1,26.7,75.68,7.01,211.1,sugarcane
148.16,55.0,93.76,27.24,64.0,7.34,209.22,sugarcane
141.84,36.2,96.6,27.4,66.69,6.41,215.81,sugarcane
152.96,44.39,91.33,31.52,80.12,6.32,184.5,sugarcane
167.18,50.73,112.35,23.91,80.54,6.62,203.66,sugarcane
131.24,68.24,137.88,30.59,82.33,7.06,199.48,sugarcane
165.97,60.7,147.17,23.53,79.65,6.94,131.12,sugarcane
140.93,52.17,92.76,26.38,86.74,7.81,169.18,sugarcane
175.22,50.16,89.81,24.07,71.21,6.25,173.49,sugarcane
117.44,60.58,130.75,26.92,78.14,6.99,167.85,sugarcane
153.98,43.64,117.96,26.49,79.54,7.28,170.6,sugarcane
168.46,67.0,88.41,28.71,85.66,7.27,190.36,sugarcane
134.16,63.16,122.31,28.81,79.99,7.01,206.14,sugarcane
145.18,57.33,81.87,21.18,74.09,6.64,198.24,sugarcane
200,45.43,95.96,27.19,83.69,6.81,164.73,sugarcane
125.4,59.2,94.64,30.73,70.21,7.01,184.02,sugarcane
133.16,52.9,134.57,31.98,87.23,6.64,209.75,sugarcane
188.77,55.33,74.45,27.1,87.83,7.76,203.44,sugarcane
152.4,70.2,113.76,29.15,83.75,7.62,153.76,sugarcane
113.58,58.89,128.94,23.29,63.5,6.85,210.95,sugarcane
142.67,49.46,88.18,34.54,73.07,7.32,174.34,sugarcane
155.33,54.87,114.7,27.0,61.41,5.98,209.82,sugarcane
147.74,57.27,119.35,29.05,90.06,7.7,142.46,sugarcane
179.01,65.22,117.77,24.75,67.54,6.82,179.56,sugarcane
107.89,67.25,103.23,27.56,71.59,6.78,162.17,sugarcane
147.82,66.51,92.38,22.92,85.66,6.58,199.06,sugarcane
185.61,55.23,118.71,28.62,86.95,7.12,168.11,sugarcane
122.6,49.06,103.8,26.67,70.02,6.56,175.65,sugarcane
136.27,45.88,103.54,26.56,83.22,6.61,193.41,sugarcane
173.92,55.77,114.96,31.43,77.3,7.48,174.92,sugarcane
129.42,60.53,139.88,31.14,73.69,6.72,149.58,sugarcane
138.29,75.58,100.17,29.93,65.55,6.51,151.62,sugarcane
139.41,54.97,113.36,26.33,69.66,6.73,169.97,sugarcane
126.42,71.31,109.93,28.22,80.75,8.02,138.28,sugarcane
155.96,60.87,91.04,28.2,73.86,6.79,111.13,sugarcane
165.46,58.17,108.25,33.1,72.35,7.24,183.81,sugarcane
151.26,33.19,103.29,29.37,77.8,6.89,160.75,sugarcane
130.65,57.45,106.1,30.74,82.41,6.71,176.99,sugarcane
176.88,58.69,98.46,29.72,70.56,8.37,171.89,sugarcane
158.79,56.46,93.43,27.16,76.79,7.12,220.45,sugarcane
162.61,53.26,78.61,27.79,81.27,6.73,90.61,sugarcane
160.97,57.91,94.07,30.33,74.61,6.61,187.61,sugarcane
121.04,78.94,94.94,27.81,72.62,8.34,131.42,sugarcane
162.03,43.39,110.36,27.47,68.59,6.46,194.08,sugarcane
33.63,46.51,29.24,20.64,49.94,7.0,87.41,chickpea
37.76,42.61,46.92,17.45,49.78,6.98,50.11,chickpea
30.41,47.46,44.52,21.22,46.15,7.44,53.08,chickpea
36.27,42.42,46.26,17.41,54.71,7.35,73.98,chickpea
35.45,51.86,49.7,20.83,42.07,6.49,60.49,chickpea
20.7,39.87,36.68,27.57,53.41,7.42,70.08,chickpea
31.34,42.1,53.64,20.66,56.64,6.82,56.65,chickpea
26.94,47.77,41.99,25.94,61.72,6.57,51.98,chickpea
17.55,40.89,45.46,20.15,41.37,7.47,90.17,chickpea
34.5,41.2,36.83,19.92,51.58,6.85,60.79,chickpea
43.26,31.25,42.67,17.71,44.5,6.62,63.25,chickpea
37.73,48.33,39.03,26.56,62.52,7.22,89.95,chickpea
32.59,49.42,37.5,21.24,59.85,6.86,43.23,chickpea
31.94,53.86,55.05,18.21,56.87,5.91,49.99,chickpea
32.15,47.4,30.2,22.12,53.53,6.55,87.93,chickpea
20.85,51.48,51.14,21.25,35.83,6.91,72.2,chickpea
37.02,47.66,34.32,23.89,47.46,6.73,68.31,chickpea
41.37,37.51,48.27,19.35,53.28,6.64,59.39,chickpea
36.56,47.75,35.0,27.42,49.36,6.73,67.59,chickpea
25.94,32.96,34.14,25.3,49.7,6.56,57.52,chickpea
26.74,56.21,39.4,20.27,57.46,6.88,48.33,chickpea
18.99,32.27,45.76,24.64,52.21,6.95,48.81,chickpea
24.87,49.22,39.63,19.75,40.9,7.27,69.56,chickpea
27.88,44.52,46.19,21.62,59.94,6.21,71.95,chickpea
31.59,39.0,42.44,24.35,53.86,6.92,72.92,chickpea
25.81,41.88,30.12,22.26,58.18,6.97,53.77,chickpea
23.22,49.92,45.04,29.39,50.14,7.57,47.74,chickpea
24.89,41.26,33.28,17.36,44.08,7.39,65.72,chickpea
36.64,62.96,42.0,29.08,57.35,7.21,38.7,chickpea
33.58,37.52,54.34,22.67,48.76,6.64,70.42,chickpea
41.63,52.07,42.52,23.05,57.05,6.43,59.09,chickpea
18.21,54.73,38.04,20.84,62.71,7.27,54.61,chickpea
44.22,43.97,38.7,20.12,43.23,6.26,40.82,chickpea
32.31,46.09,44.75,23.72,54.26,7.25,52.44,chickpea
26.52,43.71,33.32,25.61,66.18,7.2,63.19,chickpea
27.15,45.94,41.51,19.06,48.24,6.64,44.3,chickpea
30.08,33.48,46.81,21.83,44.52,7.19,37.68,chickpea
29.77,32.73,32.53,21.87,50.15,7.02,34.83,chickpea
28.42,47.74,42.67,23.97,50.65,6.61,59.03,chickpea
31.82,39.55,48.62,22.96,43.78,7.49,66.96,chickpea
28.24,47.53,42.53,21.95,49.98,6.13,102.89,chickpea
22.01,37.28,38.18,18.37,46.79,6.63,81.64,chickpea
20.2,41.14,50.63,24.02,60.49,6.96,52.55,chickpea
42.08,50.38,45.6,22.92,42.42,6.46,50.24,chickpea
35.39,39.18,54.71,23.18,37.29,7.73,89.95,chickpea
35.06,42.57,44.27,20.16,55.85,6.87,25.09,chickpea
26.95,47.25,38.47,19.26,45.02,7.1,56.24,chickpea
31.37,43.95,44.77,21.29,46.43,7.69,96.43,chickpea
17.5,43.07,55.11,26.75,57.48,7.45,48.04,chickpea
32.05,43.94,41.24,26.38,50.05,7.11,78.4,chickpea
28.27,48.36,26.8,17.47,51.55,7.04,54.04,chickpea
22.5,50.2,46.45,21.94,48.56,6.8,52.15,chickpea
29.3,37.98,40.7,24.16,59.5,6.81,46.05,chickpea
20.99,41.93,39.48,25.56,37.77,7.02,79.35,chickpea
41.39,39.85,32.79,21.94,57.26,7.04,90.85,chickpea
36.42,48.65,45.82,23.06,45.36,7.34,53.58,chickpea
35.9,38.15,35.84,22.18,43.0,7.46,66.38,chickpea
30.3,44.34,33.99,25.06,50.96,6.97,95.58,chickpea
21.97,53.24,45.64,21.13,48.17,8.23,54.64,chickpea
36.26,46.82,41.0,18.61,60.01,7.05,65.55,chickpea
37.77,46.23,31.62,27.27,47.24,7.45,39.15,chickpea
36.88,33.88,29.48,22.92,59.43,6.75,37.62,chickpea
38.66,52.0,35.65,21.34,47.44,7.69,81.87,chickpea
29.57,46.57,32.86,22.61,40.31,6.59,60.27,chickpea
29.52,43.9,47.91,18.93,43.53,6.89,85.62,chickpea
23.79,53.44,41.69,21.23,58.16,6.53,59.48,chickpea
26.47,44.63,47.27,21.95,58.35,6.25,55.94,chickpea
30.81,36.09,40.55,23.55,42.25,6.94,57.41,chickpea
31.11,50.9,42.09,17.09,49.23,6.58,56.32,chickpea
23.66,50.1,36.06,25.54,56.95,6.02,75.35,chickpea
33.33,44.91,29.13,17.42,51.72,6.76,77.38,chickpea
36.32,31.91,35.52,21.8,51.94,7.37,52.45,chickpea
27.92,43.29,46.48,26.6,49.44,6.77,59.58,chickpea
28.95,47.49,40.31,26.64,47.35,7.0,63.01,chickpea
20.13,38.24,32.71,24.69,46.36,7.23,37.56,chickpea
25.49,40.96,48.0,25.11,46.84,7.85,57.86,chickpea
24.84,36.29,58.7,22.8,51.24,6.91,40.57,chickpea
34.2,50.8,40.69,19.87,48.44,7.54,77.77,chickpea
36.2,33.97,57.88,22.5,53.0,7.3,93.44,chickpea
33.51,35.45,48.12,18.35,52.28,7.88,58.97,chickpea
16.18,46.32,43.09,21.04,45.13,7.71,43.46,chickpea
35.74,41.27,34.38,24.58,53.05,6.33,60.89,chickpea
28.99,42.91,46.85,22.45,40.72,6.95,36.04,chickpea
31.53,40.59,43.01,25.6,60.27,7.4,71.91,chickpea
28.99,46.35,38.62,23.65,45.58,7.31,49.18,chickpea
45.33,42.83,49.05,20.68,47.35,6.77,63.64,chickpea
28.96,32.33,53.14,22.59,47.86,7.29,64.72,chickpea
31.68,48.07,49.73,27.64,56.93,6.42,95.83,chickpea
29.95,34.67,44.09,28.79,38.27,7.06,66.95,chickpea
32.32,58.77,42.13,26.52,53.64,7.17,13.39,chickpea
18.87,46.03,30.1,25.78,58.91,6.87,67.95,chickpea
27.92,45.43,44.19,24.34,56.65,6.73,82.4,chickpea
34.36,35.53,53.6,21.0,50.76,7.3,44.82,chickpea
30.85,44.77,44.24,28.46,44.98,6.93,87.48,chickpea
44.94,55.26,50.22,27.59,54.79,7.64,84.42,chickpea
34.63,44.47,46.26,25.47,52.46,7.3,65.69,chickpea
36.3,36.98,56.16,22.61,42.79,6.79,68.91,chickpea
36.24,47.76,39.47,26.2,39.67,6.83,76.59,chickpea
24.74,52.54,47.38,25.21,48.03,7.0,69.55,chickpea
27.11,55.61,35.95,27.76,48.66,6.62,89.67,chickpea
48.12,45.14,33.88,24.58,53.52,7.76,55.53,chickpea
28.64,59.02,49.48,25.61,48.12,7.48,36.46,chickpea
27.23,48.99,37.92,17.93,49.26,7.26,44.4,chickpea
32.91,39.96,31.87,23.73,44.61,7.31,54.09,chickpea
22.45,50.14,42.72,22.23,58.35,7.13,76.19,chickpea
22.28,58.69,33.09,22.24,50.58,5.54,35.77,chickpea
25.47,45.51,46.65,25.09,45.78,6.23,95.69,chickpea
28.19,56.35,34.56,24.82,53.78,7.44,86.24,chickpea
33.35,49.1,33.37,18.79,50.18,7.44,47.68,chickpea
24.86,43.26,43.16,24.97,49.27,6.32,72.16,chickpea
25.2,45.67,38.83,22.38,54.55,7.08,70.46,chickpea
29.05,50.71,57.2,23.05,65.25,6.85,55.78,chickpea
23.07,48.91,44.66,26.73,43.54,7.03,54.37,chickpea
25.19,43.57,35.39,17.99,45.82,7.15,55.52,chickpea
28.9,39.17,50.84,19.11,51.02,6.32,50.48,chickpea
31.49,49.64,33.61,26.35,26.89,7.06,52.24,chickpea
28.45,43.88,33.9,19.24,49.38,7.36,68.83,chickpea
21.52,44.18,30.2,21.45,61.83,7.26,65.89,chickpea
24.16,48.49,38.13,21.49,50.6,7.56,76.18,chickpea
27.54,44.46,31.75,19.38,59.07,6.23,71.5,chickpea
33.6,48.79,45.37,20.19,49.12,7.28,69.77,chickpea
26.36,48.52,45.61,20.29,57.71,6.92,46.07,chickpea
6.88,40.37,31.46,26.75,54.21,6.44,67.84,chickpea
33.2,36.24,44.2,21.12,49.73,6.4,82.63,chickpea
34.3,47.47,46.17,25.8,62.33,7.6,53.86,chickpea
28.12,41.81,39.85,23.65,45.68,6.45,37.82,chickpea
29.59,41.61,47.56,20.19,49.55,6.88,78.73,chickpea
30.08,50.88,32.97,21.3,53.18,7.32,54.88,chickpea
31.53,43.65,48.75,23.38,50.04,6.33,85.29,chickpea
19.54,52.9,37.1,25.75,48.87,6.88,99.55,chickpea
41.45,39.84,27.85,26.8,52.45,6.0,77.16,chickpea
31.85,41.42,42.45,24.08,46.71,6.14,60.5,chickpea
41.84,42.98,43.65,25.36,59.15,7.27,75.76,chickpea
24.44,47.08,28.77,15.59,55.68,6.49,80.21,chickpea
22.32,54.86,36.99,23.73,52.27,6.42,52.54,chickpea
14.36,37.4,39.3,25.86,55.19,6.66,50.7,chickpea
39.77,50.07,41.71,24.87,54.04,5.98,65.11,chickpea
34.79,45.91,33.91,24.12,47.21,7.17,32.49,chickpea
28.67,46.76,47.12,20.18,57.79,6.24,75.47,chickpea
23.48,45.1,47.0,21.63,45.19,7.14,54.42,chickpea
27.92,60.61,49.46,27.49,61.93,7.35,75.12,chickpea
24.66,35.61,42.67,22.47,53.26,7.01,68.58,chickpea
31.06,44.2,36.44,24.73,64.63,6.93,57.12,chickpea
39.22,43.08,39.28,20.24,42.4,7.19,73.53,chickpea
26.26,53.61,47.94,22.18,49.1,7.61,68.49,chickpea
35.09,40.17,49.89,23.53,52.02,6.93,82.48,chickpea
37.03,43.33,42.38,31.16,52.57,7.26,58.33,chickpea
34.99,37.4,36.4,17.29,45.27,6.43,100.72,chickpea
17.14,59.04,42.56,21.19,51.57,6.8,94.07,chickpea
22.97,58.7,31.78,27.32,51.46,6.75,47.19,chickpea
19.42,51.38,48.37,22.81,48.56,7.45,51.29,chickpea
27.73,46.19,40.72,21.0,49.31,6.8,55.5,chickpea
39.17,42.53,49.65,15.65,46.11,7.16,47.35,chickpea
26.52,40.57,46.08,25.04,57.32,7.46,51.02,chickpea
23.94,47.68,50.99,14.85,53.1,6.51,66.3,chickpea
23.42,46.92,43.37,18.49,48.69,7.59,67.55,chickpea
42.41,45.17,42.86,21.38,51.44,7.99,61.0,chickpea
42.73,45.53,46.89,18.15,40.62,6.99,54.44,chickpea
30.6,45.8,46.28,25.17,52.93,6.49,44.76,chickpea
30.05,41.84,33.38,28.13,51.93,6.78,55.24,chickpea
23.34,42.41,59.07,28.14,59.75,7.72,72.2,chickpea
25.63,47.8,42.14,28.3,35.99,6.94,68.31,chickpea
31.66,50.42,37.38,23.85,43.5,6.88,50.57,chickpea
24.02,47.89,41.39,23.27,49.66,5.82,118.29,chickpea
29.06,45.25,51.29,22.0,50.66,7.3,111.68,chickpea
27.21,40.5,39.7,19.36,47.04,7.37,36.39,chickpea
28.77,56.82,36.79,20.95,50.73,6.78,67.31,chickpea
34.64,41.98,43.9,25.3,46.76,7.13,64.76,chickpea
44.31,46.42,56.11,23.76,47.08,7.46,79.21,chickpea
32.16,42.79,48.5,18.34,51.88,6.67,84.15,chickpea
39.98,40.3,40.71,15.11,52.33,7.18,71.31,chickpea
31.96,56.67,49.42,22.31,42.23,7.16,109.96,chickpea
42.93,48.27,48.9,22.2,51.22,6.82,59.01,chickpea
34.18,38.86,53.42,21.25,49.73,7.17,36.65,chickpea
25.63,46.5,41.03,15.0,55.58,6.98,52.44,chickpea
37.54,37.09,37.72,22.35,53.87,7.13,42.08,chickpea
23.9,46.01,55.25,22.0,58.65,7.23,81.14,chickpea
18.28,48.2,47.89,20.66,47.56,7.01,54.06,chickpea
24.64,41.87,36.2,22.02,60.8,7.29,77.21,chickpea
37.43,43.52,47.19,17.04,58.1,7.51,90.25,chickpea
22.6,39.93,35.71,28.63,48.63,7.08,78.23,chickpea
34.91,52.04,48.39,30.38,53.29,7.57,43.16,chickpea
31.49,46.66,41.63,25.96,54.66,6.97,57.63,chickpea
17.91,48.4,40.26,17.64,47.7,6.97,61.6,chickpea
31.01,43.39,42.86,20.14,57.38,6.76,45.48,chickpea
37.6,44.87,42.63,23.0,55.49,8.09,49.47,chickpea
29.37,48.66,43.25,20.55,54.56,6.5,56.57,chickpea
35.05,45.92,55.07,25.98,52.4,7.87,55.57,chickpea
22.24,50.38,39.44,20.86,47.72,7.23,58.51,chickpea
33.59,35.4,45.43,19.48,58.4,6.85,95.98,chickpea
35.53,42.41,35.47,20.92,51.03,7.93,75.71,chickpea
21.38,40.66,40.35,16.27,53.76,7.08,54.92,chickpea
26.76,47.73,56.61,25.19,38.93,7.66,80.22,chickpea
38.21,34.8,33.35,20.0,55.11,7.46,45.32,chickpea
36.41,55.1,33.84,19.95,52.4,6.63,36.95,chickpea
28.6,46.32,21.84,25.81,41.33,6.48,57.73,chickpea
37.38,58.22,32.45,18.92,41.16,7.6,68.53,chickpea
30.57,54.89,48.63,22.31,54.41,7.3,60.78,chickpea
25.14,52.46,48.23,23.07,61.63,6.86,55.77,chickpea
26.73,37.48,41.2,22.92,37.68,6.84,57.54,chickpea
20.96,38.07,31.98,22.72,51.62,6.91,74.42,chickpea
31.81,36.8,55.06,23.1,51.5,7.2,48.83,chickpea
27.55,60.21,48.74,18.75,54.37,7.34,70.78,chickpea
18.03,48.46,45.66,22.37,52.26,7.36,28.49,chickpea
35.96,45.06,37.27,21.94,49.11,7.03,70.69,chickpea
26.03,42.85,35.01,21.06,46.85,7.33,44.68,chickpea
30.17,42.46,46.55,24.8,54.68,6.31,60.38,chickpea
23.27,47.17,48.61,22.56,47.79,7.45,37.79,chickpea
19.61,48.76,45.89,23.48,50.62,6.68,96.73,chickpea
25.03,46.87,43.71,24.67,52.0,6.57,64.46,chickpea
28.38,50.55,46.99,23.87,57.66,6.99,58.67,chickpea
29.07,44.67,18.83,24.48,48.67,7.1,69.41,chickpea
34.41,41.15,49.56,20.46,42.96,7.84,54.02,chickpea
29.17,49.4,46.02,18.14,57.51,6.73,32.47,chickpea
36.93,43.82,48.82,24.9,50.7,7.26,58.23,chickpea
33.16,52.55,34.33,19.62,52.63,7.76,80.98,chickpea
20.75,44.32,32.44,19.68,59.46,7.67,75.94,chickpea
33.32,38.18,41.98,25.45,46.85,7.54,56.3,chickpea
28.79,49.3,52.33,22.11,48.47,6.78,71.44,chickpea
29.18,50.14,44.32,20.94,55.36,7.05,51.62,chickpea
